scenario_key,scenario_label,method_a,method_b,estimand,n_effective_replicates,loss_difference_mean,loss_difference_mcse,loss_difference_mc_ci_lower,loss_difference_mc_ci_upper
ideal_large_dense,"Ideal: large, dense",tuned_level,population,mean paired stay-level assessment check-loss difference (A - B),200,-0.3059583424074032,0.004505847673873324,-0.31478980384819494,-0.2971268809666115
ideal_large_dense,"Ideal: large, dense",affine_calibrated_q10,population,mean paired stay-level assessment check-loss difference (A - B),200,-0.30939053295987834,0.00443238478760366,-0.31807800714358153,-0.30070305877617515
ideal_large_dense,"Ideal: large, dense",tuned_level,affine_calibrated_q10,mean paired stay-level assessment check-loss difference (A - B),200,0.0034321905524750873,0.0011000662214941516,0.0012760607583465504,0.005588320346603624
ideal_large_dense,"Ideal: large, dense",tuned_level_slope,tuned_level,mean paired stay-level assessment check-loss difference (A - B),200,0.0896014877143523,0.0022641772762138574,0.08516370025297314,0.09403927517573145
ideal_large_dense,"Ideal: large, dense",raw_index_q10,affine_calibrated_q10,mean paired stay-level assessment check-loss difference (A - B),200,0.024246989882764886,0.0010770847028346783,0.022135903865208917,0.026358075900320854
ideal_small_dense,"Ideal: small, dense",tuned_level,population,mean paired stay-level assessment check-loss difference (A - B),200,-0.3094933790438818,0.007492406033203777,-0.3241784948689612,-0.2948082632188024
ideal_small_dense,"Ideal: small, dense",affine_calibrated_q10,population,mean paired stay-level assessment check-loss difference (A - B),200,-0.31378507491114577,0.007277466067835853,-0.32804890840410406,-0.2995212414181875
ideal_small_dense,"Ideal: small, dense",tuned_level,affine_calibrated_q10,mean paired stay-level assessment check-loss difference (A - B),200,0.004291695867263901,0.0019562570197667376,0.00045743210852109556,0.008125959626006707
ideal_small_dense,"Ideal: small, dense",tuned_level_slope,tuned_level,mean paired stay-level assessment check-loss difference (A - B),200,0.08459576678181388,0.0037804753287064936,0.07718603513754915,0.09200549842607861
ideal_small_dense,"Ideal: small, dense",raw_index_q10,affine_calibrated_q10,mean paired stay-level assessment check-loss difference (A - B),200,0.019408239424521547,0.00191116624757833,0.01566235357926802,0.023154125269775075
ideal_large_sparse,"Ideal: large, sparse",tuned_level,population,mean paired stay-level assessment check-loss difference (A - B),200,-0.16763499689618563,0.004497127751350032,-0.1764493672888317,-0.15882062650353956
ideal_large_sparse,"Ideal: large, sparse",affine_calibrated_q10,population,mean paired stay-level assessment check-loss difference (A - B),200,-0.22612700760943963,0.004506103907320546,-0.2349589712677879,-0.21729504395109137
ideal_large_sparse,"Ideal: large, sparse",tuned_level,affine_calibrated_q10,mean paired stay-level assessment check-loss difference (A - B),200,0.05849201071325401,0.0026010493042511987,0.05339395407692166,0.06359006734958636
ideal_large_sparse,"Ideal: large, sparse",tuned_level_slope,tuned_level,mean paired stay-level assessment check-loss difference (A - B),200,0.0553988367077164,0.0030453482872762998,0.04942995406465485,0.06136771935077795
ideal_large_sparse,"Ideal: large, sparse",raw_index_q10,affine_calibrated_q10,mean paired stay-level assessment check-loss difference (A - B),200,0.3304803115589883,0.006211720919494706,0.3183053385567787,0.3426552845611979
serial_dependence,Serial dependence,tuned_level,population,mean paired stay-level assessment check-loss difference (A - B),200,-0.23454809769062057,0.00460949851960209,-0.24358271478904067,-0.22551348059220047
serial_dependence,Serial dependence,affine_calibrated_q10,population,mean paired stay-level assessment check-loss difference (A - B),200,-0.2667156279403763,0.004469249015514117,-0.27547535601078393,-0.25795589986996864
serial_dependence,Serial dependence,tuned_level,affine_calibrated_q10,mean paired stay-level assessment check-loss difference (A - B),200,0.032167530249755674,0.002163293348756717,0.027927475286192507,0.03640758521331884
serial_dependence,Serial dependence,tuned_level_slope,tuned_level,mean paired stay-level assessment check-loss difference (A - B),200,0.04151241068991712,0.0026013919772520334,0.036413682414503136,0.04661113896533111
serial_dependence,Serial dependence,raw_index_q10,affine_calibrated_q10,mean paired stay-level assessment check-loss difference (A - B),200,0.09750343572758935,0.003485911124418648,0.0906710499237288,0.1043358215314499
discrete_map_rounding,Integer MAP rounding,tuned_level,population,mean paired stay-level assessment check-loss difference (A - B),200,-0.2717687357037525,0.0049725628038406215,-0.2815149587992801,-0.26202251260822484
discrete_map_rounding,Integer MAP rounding,affine_calibrated_q10,population,mean paired stay-level assessment check-loss difference (A - B),200,-0.2876326966118059,0.0046869316293207675,-0.2968190826052746,-0.2784463106183372
discrete_map_rounding,Integer MAP rounding,tuned_level,affine_calibrated_q10,mean paired stay-level assessment check-loss difference (A - B),200,0.015863960908053434,0.001661802664430257,0.012606827685770131,0.01912109413033674
discrete_map_rounding,Integer MAP rounding,tuned_level_slope,tuned_level,mean paired stay-level assessment check-loss difference (A - B),200,0.07247079269879743,0.0030487689759608246,0.06649520550591421,0.07844637989168064
discrete_map_rounding,Integer MAP rounding,raw_index_q10,affine_calibrated_q10,mean paired stay-level assessment check-loss difference (A - B),200,0.043594077605207344,0.0017957502597596533,0.04007440709607842,0.04711374811433627
informative_monitoring,Informative monitoring,tuned_level,population,mean paired stay-level assessment check-loss difference (A - B),200,-0.3216616718143817,0.004235981134475697,-0.3299641948379541,-0.31335914879080934
informative_monitoring,Informative monitoring,affine_calibrated_q10,population,mean paired stay-level assessment check-loss difference (A - B),200,-0.3915767003455794,0.005130768465468362,-0.4016330065378974,-0.3815203941532614
informative_monitoring,Informative monitoring,tuned_level,affine_calibrated_q10,mean paired stay-level assessment check-loss difference (A - B),200,0.06991502853119769,0.0033443816963103887,0.06336004040642933,0.07647001665596605
informative_monitoring,Informative monitoring,tuned_level_slope,tuned_level,mean paired stay-level assessment check-loss difference (A - B),200,0.20008909793336474,0.0033691029295503812,0.193485656191446,0.20669253967528348
informative_monitoring,Informative monitoring,raw_index_q10,affine_calibrated_q10,mean paired stay-level assessment check-loss difference (A - B),200,0.21179365644353787,0.005294045188016883,0.20141732787502478,0.22216998501205096
cluster_size_informative,Cluster size--level association,tuned_level,population,mean paired stay-level assessment check-loss difference (A - B),200,-0.30282376100002667,0.0037912764297520778,-0.31025466280234076,-0.2953928591977126
cluster_size_informative,Cluster size--level association,affine_calibrated_q10,population,mean paired stay-level assessment check-loss difference (A - B),200,-0.3291809696761533,0.0036362150819397353,-0.33630795123675516,-0.3220539881155514
cluster_size_informative,Cluster size--level association,tuned_level,affine_calibrated_q10,mean paired stay-level assessment check-loss difference (A - B),200,0.026357208676126655,0.001531899811079062,0.023354685046411694,0.029359732305841615
cluster_size_informative,Cluster size--level association,tuned_level_slope,tuned_level,mean paired stay-level assessment check-loss difference (A - B),200,0.12694388605544007,0.0027153892237006577,0.12162172317698679,0.13226604893389338
cluster_size_informative,Cluster size--level association,raw_index_q10,affine_calibrated_q10,mean paired stay-level assessment check-loss difference (A - B),200,0.03765473210514152,0.0017301698269433395,0.034263599244332574,0.04104586496595046
common_time_misspecified,Misspecified common time,tuned_level,population,mean paired stay-level assessment check-loss difference (A - B),200,-0.12645753906603702,0.0038265270218828125,-0.13395753202892732,-0.11895754610314671
common_time_misspecified,Misspecified common time,affine_calibrated_q10,population,mean paired stay-level assessment check-loss difference (A - B),200,-0.3240093294333487,0.005350668943417476,-0.33449664056244693,-0.31352201830425047
common_time_misspecified,Misspecified common time,tuned_level,affine_calibrated_q10,mean paired stay-level assessment check-loss difference (A - B),200,0.19755179036731177,0.0037113604803415546,0.19027752382584232,0.20482605690878122
common_time_misspecified,Misspecified common time,tuned_level_slope,tuned_level,mean paired stay-level assessment check-loss difference (A - B),200,-0.00661883795910443,0.0019453947822148227,-0.010431811732245482,-0.002805864185963378
common_time_misspecified,Misspecified common time,raw_index_q10,affine_calibrated_q10,mean paired stay-level assessment check-loss difference (A - B),200,0.5922749475758953,0.006511008102642372,0.5795133716947162,0.6050365234570744
level_plus_shape,Persistent level plus shape,tuned_level,population,mean paired stay-level assessment check-loss difference (A - B),200,-0.0017215047008112948,0.0009087150229312543,-0.003502586145756553,5.957674413396342e-05
level_plus_shape,Persistent level plus shape,affine_calibrated_q10,population,mean paired stay-level assessment check-loss difference (A - B),200,0.03358197593694687,0.002185012996619422,0.0292993504635728,0.037864601410320935
level_plus_shape,Persistent level plus shape,tuned_level,affine_calibrated_q10,mean paired stay-level assessment check-loss difference (A - B),200,-0.035303480637758164,0.0021606337088169226,-0.03953832270703933,-0.031068638568476997
level_plus_shape,Persistent level plus shape,tuned_level_slope,tuned_level,mean paired stay-level assessment check-loss difference (A - B),200,-0.0076186832599438245,0.0010697364798631416,-0.009715366760475581,-0.005521999759412068
level_plus_shape,Persistent level plus shape,raw_index_q10,affine_calibrated_q10,mean paired stay-level assessment check-loss difference (A - B),200,0.29692509540833656,0.0059869378398293965,0.2851906972422709,0.3086594935744022
treatment_feedback,Treatment feedback,tuned_level,population,mean paired stay-level assessment check-loss difference (A - B),200,-0.15304365407742931,0.003134064781730267,-0.15918642104962064,-0.146900887105238
treatment_feedback,Treatment feedback,affine_calibrated_q10,population,mean paired stay-level assessment check-loss difference (A - B),200,-0.1817121313959403,0.002933430734923623,-0.1874616556363906,-0.17596260715549
treatment_feedback,Treatment feedback,tuned_level,affine_calibrated_q10,mean paired stay-level assessment check-loss difference (A - B),200,0.028668477318510986,0.0015720747631228263,0.02558721078279025,0.031749743854231724
treatment_feedback,Treatment feedback,tuned_level_slope,tuned_level,mean paired stay-level assessment check-loss difference (A - B),200,0.026336873620639297,0.0018995260444522979,0.022613802573512795,0.0300599446677658
treatment_feedback,Treatment feedback,raw_index_q10,affine_calibrated_q10,mean paired stay-level assessment check-loss difference (A - B),200,0.08012775766268271,0.0022418645272512185,0.07573370318927032,0.0845218121360951
transient_nonpersistent,Transient non-persistence,tuned_level,population,mean paired stay-level assessment check-loss difference (A - B),200,0.0020323310750422637,0.0002975097712657764,0.001449211923361342,0.0026154502267231854
transient_nonpersistent,Transient non-persistence,affine_calibrated_q10,population,mean paired stay-level assessment check-loss difference (A - B),200,0.030576186152506114,0.0018417838375971824,0.026966289830815636,0.03418608247419659
transient_nonpersistent,Transient non-persistence,tuned_level,affine_calibrated_q10,mean paired stay-level assessment check-loss difference (A - B),200,-0.02854385507746385,0.0018714060001035766,-0.03221181083766686,-0.024875899317260843
transient_nonpersistent,Transient non-persistence,tuned_level_slope,tuned_level,mean paired stay-level assessment check-loss difference (A - B),200,0.000994212043468391,0.0005172959590833807,-1.968803633503515e-05,0.002008112123271817
transient_nonpersistent,Transient non-persistence,raw_index_q10,affine_calibrated_q10,mean paired stay-level assessment check-loss difference (A - B),200,0.7567311402683956,0.010036272614060334,0.7370600459448373,0.7764022345919539
null_serial,Pure null with serial dependence,tuned_level,population,mean paired stay-level assessment check-loss difference (A - B),200,0.0009360036057664312,0.0003655534462623525,0.00021951885109222028,0.001652488360440642
null_serial,Pure null with serial dependence,affine_calibrated_q10,population,mean paired stay-level assessment check-loss difference (A - B),200,0.057318096161359335,0.0015148435821449866,0.05434900274035516,0.06028718958236351
null_serial,Pure null with serial dependence,tuned_level,affine_calibrated_q10,mean paired stay-level assessment check-loss difference (A - B),200,-0.05638209255559291,0.0014781315669551724,-0.05927923042682504,-0.05348495468436077
null_serial,Pure null with serial dependence,tuned_level_slope,tuned_level,mean paired stay-level assessment check-loss difference (A - B),200,-0.0001730470299352954,0.00025387430240168986,-0.0006706406626426076,0.00032454660277201675
null_serial,Pure null with serial dependence,raw_index_q10,affine_calibrated_q10,mean paired stay-level assessment check-loss difference (A - B),200,0.1827874871300468,0.0038116337463137127,0.17531668498727193,0.19025828927282168
weak_level,Weak persistent level,tuned_level,population,mean paired stay-level assessment check-loss difference (A - B),200,-0.039415465061217736,0.0012031977679511743,-0.04177373268640204,-0.03705719743603343
weak_level,Weak persistent level,affine_calibrated_q10,population,mean paired stay-level assessment check-loss difference (A - B),200,-0.026275801264691624,0.0015065250432832104,-0.029228590349526715,-0.023323012179856533
weak_level,Weak persistent level,tuned_level,affine_calibrated_q10,mean paired stay-level assessment check-loss difference (A - B),200,-0.013139663796526112,0.0009690238414987105,-0.015038950525863584,-0.01124037706718864
weak_level,Weak persistent level,tuned_level_slope,tuned_level,mean paired stay-level assessment check-loss difference (A - B),200,0.007692502961889172,0.0006841175566533296,0.006351632550848646,0.009033373372929698
weak_level,Weak persistent level,raw_index_q10,affine_calibrated_q10,mean paired stay-level assessment check-loss difference (A - B),200,0.04846889605900851,0.0014405208475506642,0.04564547519780921,0.05129231692020781
heavy_tail_t3,Heavy-tailed t3 residual,tuned_level,population,mean paired stay-level assessment check-loss difference (A - B),200,-0.18748612379442786,0.0034974067906532427,-0.19434104110410821,-0.1806312064847475
heavy_tail_t3,Heavy-tailed t3 residual,affine_calibrated_q10,population,mean paired stay-level assessment check-loss difference (A - B),200,-0.1675548469802079,0.003953986647191931,-0.17530466080870408,-0.1598050331517117
heavy_tail_t3,Heavy-tailed t3 residual,tuned_level,affine_calibrated_q10,mean paired stay-level assessment check-loss difference (A - B),200,-0.01993127681421998,0.0025345160048777884,-0.024898928183780446,-0.014963625444659515
heavy_tail_t3,Heavy-tailed t3 residual,tuned_level_slope,tuned_level,mean paired stay-level assessment check-loss difference (A - B),200,0.039667711875186605,0.0017470715141968622,0.036243451707360756,0.043091972043012454
heavy_tail_t3,Heavy-tailed t3 residual,raw_index_q10,affine_calibrated_q10,mean paired stay-level assessment check-loss difference (A - B),200,0.05486494634943728,0.0021962018574827563,0.05056039070877108,0.059169501990103485
