scenario_key,scenario_label,n_stays,method,n_attempted_replicates,n_effective_replicates,failure_count,failure_rate,loss_mean,loss_mcse,loss_mc_ci_lower,loss_mc_ci_upper,oracle_loss_mean,oracle_loss_mcse,oracle_loss_mc_ci_lower,oracle_loss_mc_ci_upper,regret_mean,regret_mcse,regret_mc_ci_lower,regret_mc_ci_upper,regret_percent_of_oracle_mean,regret_percent_of_oracle_mcse,regret_percent_of_oracle_mc_ci_lower,regret_percent_of_oracle_mc_ci_upper,calibration_p_lt_mean,calibration_p_lt_mcse,calibration_p_lt_mc_ci_lower,calibration_p_lt_mc_ci_upper,calibration_p_le_mean,calibration_p_le_mcse,calibration_p_le_mc_ci_lower,calibration_p_le_mc_ci_upper,calibration_interval_violation_mean,calibration_interval_violation_mcse,calibration_interval_violation_mc_ci_lower,calibration_interval_violation_mc_ci_upper,calibration_strict_absolute_error_mean,calibration_strict_absolute_error_mcse,calibration_strict_absolute_error_mc_ci_lower,calibration_strict_absolute_error_mc_ci_upper,offset_bias_mean,offset_bias_mcse,offset_bias_mc_ci_lower,offset_bias_mc_ci_upper,offset_rmse_mean,offset_rmse_mcse,offset_rmse_mc_ci_lower,offset_rmse_mc_ci_upper,offset_correlation_mean,offset_correlation_mcse,offset_correlation_mc_ci_lower,offset_correlation_mc_ci_upper
ideal_large_dense,"Ideal: large, dense",600,oracle,200,200,0,0.0,0.9627224457776178,0.001625319785808623,0.9595368189974329,0.9659080725578026,0.9627224457776178,0.001625319785808623,0.9595368189974329,0.9659080725578026,0.0,0.0,0.0,0.0,0.0,0.0,0.0,0.0,0.10013163821132567,0.000568035253582337,0.0990182891143043,0.10124498730834705,0.10013163821132567,0.000568035253582337,0.0990182891143043,0.10124498730834705,0.006555328525640979,0.0003268176258505824,0.0059147659789738375,0.00719589107230812,0.006555328525640979,0.0003268176258505824,0.0059147659789738375,0.00719589107230812,,,,,,,,,,,,
ideal_large_dense,"Ideal: large, dense",600,population,200,200,0,0.0,1.3699652392870456,0.004420131859196348,1.3613017808430208,1.3786286977310704,0.9627224457776178,0.001625319785808623,0.9595368189974329,0.9659080725578026,0.4072427935094278,0.004350914858435608,0.39871500038689406,0.4157705866319616,42.34698102795156,0.4698369887978786,41.426100529907714,43.2678615259954,0.1014534013440263,0.0012035697253816812,0.09909440468227822,0.1038123980057744,0.1014534013440263,0.0012035697253816812,0.09909440468227822,0.1038123980057744,0.013998812298812249,0.0006887942504700932,0.012648775567890866,0.015348849029733632,0.013998812298812249,0.0006887942504700932,0.012648775567890866,0.015348849029733632,,,,,,,,,,,,
ideal_large_dense,"Ideal: large, dense",600,raw_index_q10,200,200,0,0.0,1.0848216962099322,0.0026361450315853133,1.079654851948025,1.0899885404718395,0.9627224457776178,0.001625319785808623,0.9595368189974329,0.9659080725578026,0.12209925043231436,0.0018980122982382999,0.11837914632776729,0.12581935453686144,12.682631292143128,0.19546832837898592,12.299513368520316,13.06574921576594,0.12704847814222808,0.0007977996300740096,0.12548479086728304,0.12861216541717313,0.12704847814222808,0.0007977996300740096,0.12548479086728304,0.12861216541717313,0.02716687294187288,0.0007773216160800165,0.02564332257435605,0.02869042330938971,0.02716687294187288,0.0007773216160800165,0.02564332257435605,0.02869042330938971,,,,,,,,,,,,
ideal_large_dense,"Ideal: large, dense",600,affine_calibrated_q10,200,200,0,0.0,1.0605747063271673,0.002280365972598753,1.0561051890208737,1.065044223633461,0.9627224457776178,0.001625319785808623,0.9595368189974329,0.9659080725578026,0.09785226054954946,0.0015608613970044352,0.09479297221142076,0.10091154888767816,10.16880996012709,0.16276010552616832,9.849800153295801,10.48781976695838,0.1017672036297036,0.0010563192402151776,0.09969681791888185,0.10383758934052534,0.1017672036297036,0.0010563192402151776,0.09969681791888185,0.10383758934052534,0.01149509818884814,0.0006837378182247668,0.010154972065127598,0.012835224312568684,0.01149509818884814,0.0006837378182247668,0.010154972065127598,0.012835224312568684,,,,,,,,,,,,
ideal_large_dense,"Ideal: large, dense",600,unpenalized_level,200,200,0,0.0,1.0848216962099322,0.0026361450315853133,1.079654851948025,1.0899885404718395,0.9627224457776178,0.001625319785808623,0.9595368189974329,0.9659080725578026,0.12209925043231436,0.0018980122982382999,0.11837914632776729,0.12581935453686144,12.682631292143128,0.19546832837898592,12.299513368520316,13.06574921576594,0.12704847814222808,0.0007977996300740096,0.12548479086728304,0.12861216541717313,0.12704847814222808,0.0007977996300740096,0.12548479086728304,0.12861216541717313,0.02716687294187288,0.0007773216160800165,0.02564332257435605,0.02869042330938971,0.02716687294187288,0.0007773216160800165,0.02564332257435605,0.02869042330938971,2.914392453131898,0.031019509560876714,2.85359421439258,2.9751906918712163,4.14419393639115,0.023933762667253524,4.097283761563333,4.191104111218967,0.8795905066500913,0.0017894982618421261,0.8760830900568808,0.8830979232433018
ideal_large_dense,"Ideal: large, dense",600,tuned_level,200,200,0,0.0,1.0640068968796426,0.002442626040576891,1.059219349840112,1.0687944439191732,0.9627224457776178,0.001625319785808623,0.9595368189974329,0.9659080725578026,0.10128445110202454,0.0017653448399719514,0.09782437521567952,0.10474452698836956,10.524649121183206,0.183780140752321,10.164440045308657,10.884858197057754,0.11384972111222108,0.0008739960607331072,0.11213668883318419,0.11556275339125797,0.11384972111222108,0.0008739960607331072,0.11213668883318419,0.11556275339125797,0.01578918789543784,0.0006892070828609755,0.01443834201303033,0.017140033777845353,0.01578918789543784,0.0006892070828609755,0.01443834201303033,0.017140033777845353,2.6146959753749415,0.033795352604548974,2.5484570842700256,2.6809348664798573,3.751727834431658,0.02264260003205694,3.7073483383688264,3.7961073304944892,0.8790055022727208,0.0017028061470462518,0.8756680022245101,0.8823430023209314
ideal_large_dense,"Ideal: large, dense",600,tuned_level_slope,200,200,0,0.0,1.1536083845939948,0.0025159760930021724,1.1486770714517105,1.1585396977362792,0.9627224457776178,0.001625319785808623,0.9595368189974329,0.9659080725578026,0.19088593881637686,0.0021488382908267174,0.18667421576635648,0.19509766186639724,19.849067563261812,0.2304300589234108,19.397424647771928,20.300710478751697,0.09131010014291259,0.0008188643556008085,0.089705126005935,0.09291507427989018,0.09131010014291259,0.0008188643556008085,0.089705126005935,0.09291507427989018,0.011666187342749794,0.000605052679096557,0.010480284091720542,0.012852090593779045,0.011666187342749794,0.000605052679096557,0.010480284091720542,0.012852090593779045,1.1680950368829743,0.02573955421457084,1.1176455106224155,1.2185445631435332,3.863999127087029,0.017625442123035743,3.829453260525879,3.898544993648179,0.812342667873977,0.0022408661844322045,0.8079505701524899,0.8167347655954641
ideal_small_dense,"Ideal: small, dense",240,oracle,200,200,0,0.0,0.9671431232710728,0.0030637319447620096,0.9611382086593392,0.9731480378828063,0.9671431232710728,0.0030637319447620096,0.9611382086593392,0.9731480378828063,0.0,0.0,0.0,0.0,0.0,0.0,0.0,0.0,0.09904811305592551,0.0009063148070581129,0.0972717360340916,0.10082449007775941,0.09904811305592551,0.0009063148070581129,0.0972717360340916,0.10082449007775941,0.01062852223008468,0.000508226314325276,0.009632398654007139,0.011624645806162221,0.01062852223008468,0.000508226314325276,0.009632398654007139,0.011624645806162221,,,,,,,,,,,,
ideal_small_dense,"Ideal: small, dense",240,population,200,200,0,0.0,1.382842496260401,0.007628261264534554,1.367891104181913,1.3977938883388887,0.9671431232710728,0.0030637319447620096,0.9611382086593392,0.9731480378828063,0.415699372989328,0.007264149398582232,0.40146164016810687,0.42993710581054917,43.10978381236614,0.7833574634231573,41.57440318405675,44.64516444067553,0.1057178846905409,0.0019830869331570545,0.10183103430155308,0.10960473507952873,0.1057178846905409,0.0019830869331570545,0.10183103430155308,0.10960473507952873,0.023437817535473738,0.0011560568868811284,0.021171946037186726,0.02570368903376075,0.023437817535473738,0.0011560568868811284,0.021171946037186726,0.02570368903376075,,,,,,,,,,,,
ideal_small_dense,"Ideal: small, dense",240,raw_index_q10,200,200,0,0.0,1.0884656607737764,0.003951788422385886,1.0807201554659,1.0962111660816527,0.9671431232710728,0.0030637319447620096,0.9611382086593392,0.9731480378828063,0.12132253750270379,0.0026700801435601274,0.11608918042132593,0.12655589458408165,12.579264371321884,0.2841008863244673,12.022426634125928,13.13610210851784,0.12568372657435156,0.0014042009958633679,0.12293149262245937,0.12843596052624376,0.12568372657435156,0.0014042009958633679,0.12293149262245937,0.12843596052624376,0.02743952950984196,0.0012259963396547328,0.025036576684118683,0.02984248233556524,0.02743952950984196,0.0012259963396547328,0.025036576684118683,0.02984248233556524,,,,,,,,,,,,
ideal_small_dense,"Ideal: small, dense",240,affine_calibrated_q10,200,200,0,0.0,1.069057421349255,0.0035301608653894303,1.0621383060530918,1.0759765366454181,0.9671431232710728,0.0030637319447620096,0.9611382086593392,0.9731480378828063,0.10191429807818224,0.0022171357097149824,0.09756871208714088,0.1062598840692236,10.577658959498569,0.23658213429683744,10.113957976276767,11.041359942720371,0.10035508227305097,0.0015930291200220842,0.09723274519780768,0.10347741934829426,0.10035508227305097,0.0015930291200220842,0.09723274519780768,0.10347741934829426,0.0178415180016742,0.0009689058546685759,0.01594246252652379,0.01974057347682461,0.0178415180016742,0.0009689058546685759,0.01594246252652379,0.01974057347682461,,,,,,,,,,,,
ideal_small_dense,"Ideal: small, dense",240,unpenalized_level,200,200,0,0.0,1.0884656607737764,0.003951788422385886,1.0807201554659,1.0962111660816527,0.9671431232710728,0.0030637319447620096,0.9611382086593392,0.9731480378828063,0.12132253750270379,0.0026700801435601274,0.11608918042132593,0.12655589458408165,12.579264371321884,0.2841008863244673,12.022426634125928,13.13610210851784,0.12568372657435156,0.0014042009958633679,0.12293149262245937,0.12843596052624376,0.12568372657435156,0.0014042009958633679,0.12293149262245937,0.12843596052624376,0.02743952950984196,0.0012259963396547328,0.025036576684118683,0.02984248233556524,0.02743952950984196,0.0012259963396547328,0.025036576684118683,0.02984248233556524,2.8162960488849684,0.051726587827949776,2.714911936742187,2.91768016102775,4.129427177078192,0.037925295125242134,4.055093598632717,4.203760755523667,0.8730820913307443,0.002796308437463909,0.867601326793315,0.8785628558681736
ideal_small_dense,"Ideal: small, dense",240,tuned_level,200,200,0,0.0,1.0733491172165188,0.00385044391807085,1.0658022471371,1.0808959872959376,0.9671431232710728,0.0030637319447620096,0.9611382086593392,0.9731480378828063,0.10620599394544614,0.002547548707887969,0.10121279847798571,0.11119918941290656,11.013990211288016,0.26857430937481797,10.487584564913373,11.54039585766266,0.11159570233007728,0.0014929500591020035,0.10866952021423736,0.1145218844459172,0.11159570233007728,0.0014929500591020035,0.10866952021423736,0.1145218844459172,0.019867370765808214,0.0009597397241841337,0.01798628090640731,0.021748460625209118,0.019867370765808214,0.0009597397241841337,0.01798628090640731,0.021748460625209118,2.4651909539083388,0.05515544285930955,2.357086285904092,2.5732956219125853,3.7703513512795435,0.03754924284432062,3.696754835304675,3.843947867254412,0.8668926772099692,0.002912409659168472,0.861184354277999,0.8726010001419394
ideal_small_dense,"Ideal: small, dense",240,tuned_level_slope,200,200,0,0.0,1.1579448839983328,0.004307351391621126,1.1495024752707554,1.1663872927259102,0.9671431232710728,0.0030637319447620096,0.9611382086593392,0.9731480378828063,0.19080176072726002,0.0034694592884409485,0.18400162052191577,0.19760190093260427,19.797238836784942,0.3751207565546783,19.062002153937772,20.53247551963211,0.0936624044358419,0.001439343755487778,0.09084129067508585,0.09648351819659794,0.0936624044358419,0.001439343755487778,0.09084129067508585,0.09648351819659794,0.01797239421458167,0.0008064705117445074,0.016391712011562438,0.019553076417600904,0.01797239421458167,0.0008064705117445074,0.016391712011562438,0.019553076417600904,1.1587702683150092,0.04199153469147532,1.0764668603197176,1.2410736763103007,3.848446938498327,0.029637263665601456,3.7903579017137483,3.906535975282906,0.8089706002262024,0.0032788015806146176,0.8025441491281977,0.815397051324207
ideal_large_sparse,"Ideal: large, sparse",600,oracle,200,200,0,0.0,0.9677281922762555,0.0025810398699852334,0.9626693541310845,0.9727870304214266,0.9677281922762555,0.0025810398699852334,0.9626693541310845,0.9727870304214266,0.0,0.0,0.0,0.0,0.0,0.0,0.0,0.0,0.10078174603174599,0.0008817431219249437,0.0990535295127731,0.10250996255071887,0.10078174603174599,0.0008817431219249437,0.0990535295127731,0.10250996255071887,0.009954563492063442,0.0005315876865033494,0.008912651626516877,0.010996475357610006,0.009954563492063442,0.0005315876865033494,0.008912651626516877,0.010996475357610006,,,,,,,,,,,,
ideal_large_sparse,"Ideal: large, sparse",600,population,200,200,0,0.0,1.3717546959800089,0.004932368286836694,1.3620872541378088,1.381422137822209,0.9677281922762555,0.0025810398699852334,0.9626693541310845,0.9727870304214266,0.40402650370375354,0.004822609079522771,0.3945741899078889,0.4134788174996182,41.86880980988202,0.536743676934199,40.81679220309099,42.920827416673056,0.10156984126984123,0.001407643945534492,0.09881085913659363,0.10432882340308883,0.10156984126984123,0.001407643945534492,0.09881085913659363,0.10432882340308883,0.0159960317460317,0.0008414578280323405,0.014346774403088312,0.017645289088975086,0.0159960317460317,0.0008414578280323405,0.014346774403088312,0.017645289088975086,,,,,,,,,,,,
ideal_large_sparse,"Ideal: large, sparse",600,raw_index_q10,200,200,0,0.0,1.4761079999295577,0.007437097724143206,1.461531288390237,1.4906847114688784,0.9677281922762555,0.0025810398699852334,0.9626693541310845,0.9727870304214266,0.5083798076533024,0.007161879438449091,0.4943425239539422,0.5224170913526626,52.633451261126936,0.7662686794378493,51.13156464942875,54.13533787282512,0.24133497023809522,0.0017170419417485373,0.2379695680322681,0.24470037244392234,0.24133497023809522,0.0017170419417485373,0.2379695680322681,0.24470037244392234,0.1413349702380952,0.0017170419417485373,0.13796956803226806,0.1447003724439223,0.1413349702380952,0.0017170419417485373,0.13796956803226806,0.1447003724439223,,,,,,,,,,,,
ideal_large_sparse,"Ideal: large, sparse",600,affine_calibrated_q10,200,200,0,0.0,1.1456276883705696,0.0033561540372706927,1.139049626457519,1.1522057502836203,0.9677281922762555,0.0025810398699852334,0.9626693541310845,0.9727870304214266,0.17789949609431396,0.0027947878753719004,0.17242171185858504,0.18337728033004289,18.442537629092584,0.30385987956427196,17.84697226514661,19.038102993038557,0.10145560515873012,0.0014371835964842635,0.09863872530962096,0.10427248500783927,0.10145560515873012,0.0014371835964842635,0.09863872530962096,0.10427248500783927,0.01642683531746027,0.0008486220256517816,0.014763536147182779,0.018090134487737764,0.01642683531746027,0.0008486220256517816,0.014763536147182779,0.018090134487737764,,,,,,,,,,,,
ideal_large_sparse,"Ideal: large, sparse",600,unpenalized_level,200,200,0,0.0,1.4761079999295577,0.007437097724143206,1.461531288390237,1.4906847114688784,0.9677281922762555,0.0025810398699852334,0.9626693541310845,0.9727870304214266,0.5083798076533024,0.007161879438449091,0.4943425239539422,0.5224170913526626,52.633451261126936,0.7662686794378493,51.13156464942875,54.13533787282512,0.24133497023809522,0.0017170419417485373,0.2379695680322681,0.24470037244392234,0.24133497023809522,0.0017170419417485373,0.2379695680322681,0.24470037244392234,0.1413349702380952,0.0017170419417485373,0.13796956803226806,0.1447003724439223,0.1413349702380952,0.0017170419417485373,0.13796956803226806,0.1447003724439223,5.058718125806061,0.04022174825998015,4.9798834992165,5.137552752395623,6.6537641760605615,0.033702785186509335,6.587706717095003,6.71982163502612,0.7833425495476122,0.002648768169299919,0.7781509639357843,0.78853413515944
ideal_large_sparse,"Ideal: large, sparse",600,tuned_level,200,200,0,0.0,1.2041196990838232,0.004080543046005852,1.1961218347136517,1.2121175634539947,0.9677281922762555,0.0025810398699852334,0.9626693541310845,0.9727870304214266,0.23639150680756796,0.0034354220321642158,0.22965807962452608,0.24312493399060983,24.480482214814845,0.36734382008771616,23.76048832744292,25.20047610218677,0.12538730158730155,0.0016962795743768152,0.122062593621523,0.1287120095530801,0.12538730158730155,0.0016962795743768152,0.122062593621523,0.1287120095530801,0.029252083333333276,0.001347669152992315,0.02661065179346834,0.03189351487319821,0.029252083333333276,0.001347669152992315,0.02661065179346834,0.03189351487319821,2.0509262167020377,0.060588368758166346,1.9321730139360316,2.1696794194680438,4.665621940356868,0.021780849033689015,4.622931476250837,4.708312404462898,0.6656630513198405,0.004276900243590076,0.6572803268424039,0.6740457757972771
ideal_large_sparse,"Ideal: large, sparse",600,tuned_level_slope,200,200,0,0.0,1.2595185357915397,0.003983980220357809,1.2517099345596383,1.2673271370234411,0.9677281922762555,0.0025810398699852334,0.9626693541310845,0.9727870304214266,0.2917903435152844,0.0035793488428586826,0.28477481978328134,0.2988058672472874,30.233166012820238,0.39413248531564515,29.460666341601573,31.005665684038902,0.09606770833333328,0.0012634612916801891,0.09359132420164011,0.09854409246502645,0.09606770833333328,0.0012634612916801891,0.09359132420164011,0.09854409246502645,0.01423497023809519,0.0008097989475387521,0.012647764300919236,0.015822176175271145,0.01423497023809519,0.0008097989475387521,0.012647764300919236,0.015822176175271145,0.5307828970102062,0.030757860085934723,0.47049749124177415,0.5910683027786383,4.751924966476212,0.0215579990923747,4.709671288255158,4.794178644697266,0.596799701000858,0.0039666412076733515,0.5890250842338183,0.6045743177678977
serial_dependence,Serial dependence,600,oracle,200,200,0,0.0,0.9624191014975452,0.0024663132027376326,0.9575851276201794,0.9672530753749109,0.9624191014975452,0.0024663132027376326,0.9575851276201794,0.9672530753749109,0.0,0.0,0.0,0.0,0.0,0.0,0.0,0.0,0.10122741043678538,0.0008682850466449772,0.09952557174536122,0.10292924912820953,0.10122741043678538,0.0008682850466449772,0.09952557174536122,0.10292924912820953,0.00978660032097527,0.0005293347301926751,0.008749104249797628,0.010824096392152913,0.00978660032097527,0.0005293347301926751,0.008749104249797628,0.010824096392152913,,,,,,,,,,,,
serial_dependence,Serial dependence,600,population,200,200,0,0.0,1.3696983514995356,0.004832804874676488,1.3602260539451696,1.3791706490539015,0.9624191014975452,0.0024663132027376326,0.9575851276201794,0.9672530753749109,0.4072792500019905,0.004619098928167138,0.3982258161027829,0.4163326839011981,42.4143248818766,0.5078548664753489,41.41892934358492,43.409720420168284,0.10113392521830018,0.0013770278910188384,0.09843495055190327,0.1038328998846971,0.10113392521830018,0.0013770278910188384,0.09843495055190327,0.1038328998846971,0.015215338712213665,0.0008598358233773036,0.01353006049839415,0.01690061692603318,0.015215338712213665,0.0008598358233773036,0.01353006049839415,0.01690061692603318,,,,,,,,,,,,
serial_dependence,Serial dependence,600,raw_index_q10,200,200,0,0.0,1.2004861592867486,0.005022450847527948,1.190642155625594,1.2103301629479033,0.9624191014975452,0.0024663132027376326,0.9575851276201794,0.9672530753749109,0.23806705778920353,0.004136323257587645,0.22995986420433176,0.2461742513740753,24.746025983733013,0.4277790562737535,23.907579033436456,25.58447293402957,0.16686947531635027,0.0014841995430629536,0.1639604442119469,0.16977850642075365,0.16686947531635027,0.0014841995430629536,0.1639604442119469,0.16977850642075365,0.06686947531635026,0.0014841995430629536,0.06396044421194687,0.06977850642075366,0.06686947531635026,0.0014841995430629536,0.06396044421194687,0.06977850642075366,,,,,,,,,,,,
serial_dependence,Serial dependence,600,affine_calibrated_q10,200,200,0,0.0,1.1029827235591594,0.0031591106302902507,1.0967908667237904,1.1091745803945283,0.9624191014975452,0.0024663132027376326,0.9575851276201794,0.9672530753749109,0.14056362206161416,0.0026093484944906807,0.13544929901241243,0.1456779451108159,14.654396182421529,0.281000453853061,14.10363529286953,15.205157071973527,0.10069526850464346,0.0014562329832265017,0.09784105185751951,0.1035494851517674,0.10069526850464346,0.0014562329832265017,0.09784105185751951,0.1035494851517674,0.016543881697006647,0.0008646771915591199,0.014849114401550772,0.01823864899246252,0.016543881697006647,0.0008646771915591199,0.014849114401550772,0.01823864899246252,,,,,,,,,,,,
serial_dependence,Serial dependence,600,unpenalized_level,200,200,0,0.0,1.2004861592867486,0.005022450847527948,1.190642155625594,1.2103301629479033,0.9624191014975452,0.0024663132027376326,0.9575851276201794,0.9672530753749109,0.23806705778920353,0.004136323257587645,0.22995986420433176,0.2461742513740753,24.746025983733013,0.4277790562737535,23.907579033436456,25.58447293402957,0.16686947531635027,0.0014841995430629536,0.1639604442119469,0.16977850642075365,0.16686947531635027,0.0014841995430629536,0.1639604442119469,0.16977850642075365,0.06686947531635026,0.0014841995430629536,0.06396044421194687,0.06977850642075366,0.06686947531635026,0.0014841995430629536,0.06396044421194687,0.06977850642075366,3.6006664788136153,0.04025301204809389,3.5217705751993513,3.6795623824278794,5.218683677076583,0.02652596525596681,5.166692785174888,5.2706745689782775,0.8211686788723034,0.002095674710907124,0.8170611564389254,0.8252762013056814
serial_dependence,Serial dependence,600,tuned_level,200,200,0,0.0,1.135150253808915,0.003788729929867628,1.1277243431463746,1.1425761644714556,0.9624191014975452,0.0024663132027376326,0.9575851276201794,0.9672530753749109,0.17273115231136985,0.0031275973228918155,0.16660106155850188,0.1788612430642378,17.985622220629825,0.33190123676752387,17.33509579656548,18.63614864469417,0.12441786569911567,0.0018742537018994643,0.12074432844339272,0.12809140295483862,0.12441786569911567,0.0018742537018994643,0.12074432844339272,0.12809140295483862,0.028566551966551917,0.0015518457723323021,0.025524934252780605,0.03160816968032323,0.028566551966551917,0.0015518457723323021,0.025524934252780605,0.03160816968032323,2.45459432508269,0.0664159220352587,2.3244191178935827,2.584769532271797,4.356086459541084,0.0329740307486992,4.291457359273633,4.420715559808534,0.7825518973734659,0.003545212889483357,0.7756032801100785,0.7895005146368532
serial_dependence,Serial dependence,600,tuned_level_slope,200,200,0,0.0,1.176662664498832,0.0034975618867415237,1.1698074432008188,1.1835178857968454,0.9624191014975452,0.0024663132027376326,0.9575851276201794,0.9672530753749109,0.21424356300128697,0.0029415354112287896,0.20847815359527855,0.2200089724072954,22.315031723842235,0.31720372675287783,21.693312419406595,22.936751028277875,0.09977654058904055,0.0012320612295756731,0.09736170057907223,0.10219138059900887,0.09977654058904055,0.0012320612295756731,0.09736170057907223,0.10219138059900887,0.013922187765937717,0.0007377121421471625,0.012476271967329278,0.015368103564546156,0.013922187765937717,0.0007377121421471625,0.012476271967329278,0.015368103564546156,1.2759085232997103,0.029835140493549194,1.217431647932354,1.3343853986670666,4.217334366336529,0.019566316813037193,4.178984385382976,4.2556843472900825,0.7252192061208449,0.0029495509776940516,0.7194380862045645,0.7310003260371253
discrete_map_rounding,Integer MAP rounding,600,oracle,200,200,0,0.0,0.9629141852360603,0.0019099324473912588,0.9591707176391735,0.9666576528329471,0.9629141852360603,0.0019099324473912588,0.9591707176391735,0.9666576528329471,0.0,0.0,0.0,0.0,0.0,0.0,0.0,0.0,0.08426333805083801,0.0006154171801707342,0.08305712037770337,0.08546955572397265,0.11708705993080988,0.0007227367830543808,0.11567049583602329,0.11850362402559647,0.000291548035298032,8.830377103975442e-05,0.00011847264406011335,0.00046462342653595066,0.015958038258038217,0.0005860714411037126,0.014809338233474939,0.017106738282601494,,,,,,,,,,,,
discrete_map_rounding,Integer MAP rounding,600,population,200,200,0,0.0,1.376768592274072,0.004999907971906056,1.3669687726491362,1.3865684118990078,0.9629141852360603,0.0019099324473912588,0.9591707176391735,0.9666576528329471,0.4138544070380116,0.0049516094713687045,0.4041492524741289,0.42355956160189423,43.046735912662534,0.5368050928305961,41.99459793071456,44.098873894610506,0.1012068437349687,0.0013222259083065127,0.09861528095468794,0.10379840651524946,0.1012068437349687,0.0013222259083065127,0.09861528095468794,0.10379840651524946,0.014974998959373908,0.0007929141820977643,0.01342088716246229,0.016529110756285527,0.014974998959373908,0.0007929141820977643,0.01342088716246229,0.016529110756285527,,,,,,,,,,,,
discrete_map_rounding,Integer MAP rounding,600,raw_index_q10,200,200,0,0.0,1.1327299732674734,0.0033416071080041424,1.1261804233357853,1.1392795231991615,0.9629141852360603,0.0019099324473912588,0.9591707176391735,0.9666576528329471,0.16981578803141295,0.0026742214917388238,0.16457431390760485,0.17505726215522105,17.645381595110877,0.27863386685189506,17.099259216081162,18.19150397414059,0.12265594579032074,0.0009008988519580471,0.12089018404048298,0.12442170754015851,0.15842637512950009,0.0010252890382395998,0.15641680861455046,0.16043594164444971,0.022882141700891645,0.0008669277450390557,0.021182963320615096,0.024581320081168194,0.02310833761146255,0.0008411787076992304,0.02145962734437206,0.02475704787855304,,,,,,,,,,,,
discrete_map_rounding,Integer MAP rounding,600,affine_calibrated_q10,200,200,0,0.0,1.089135895662266,0.002652169049314515,1.0839376443256097,1.0943341469989225,0.9629141852360603,0.0019099324473912588,0.9591707176391735,0.9666576528329471,0.12622171042620564,0.002142427742318263,0.12202255205126185,0.13042086880114945,13.131300853851345,0.22706508604400463,12.686253285205096,13.576348422497594,0.09865233343045839,0.0011504126811040503,0.09639752457549444,0.10090714228542233,0.10171029179154173,0.0011749255978934093,0.09940743761967065,0.10401314596341281,0.011734266543641498,0.0006903145148973124,0.010381250094442766,0.01308728299284023,0.013154435495060443,0.000680464850059412,0.011820724388943996,0.01448814660117689,,,,,,,,,,,,
discrete_map_rounding,Integer MAP rounding,600,unpenalized_level,200,200,0,0.0,1.1327299732674734,0.0033416071080041424,1.1261804233357853,1.1392795231991615,0.9629141852360603,0.0019099324473912588,0.9591707176391735,0.9666576528329471,0.16981578803141295,0.0026742214917388238,0.16457431390760485,0.17505726215522105,17.645381595110877,0.27863386685189506,17.099259216081162,18.19150397414059,0.12265594579032074,0.0009008988519580471,0.12089018404048298,0.12442170754015851,0.15842637512950009,0.0010252890382395998,0.15641680861455046,0.16043594164444971,0.022882141700891645,0.0008669277450390557,0.021182963320615096,0.024581320081168194,0.02310833761146255,0.0008411787076992304,0.02145962734437206,0.02475704787855304,3.065560115823647,0.03657724084253325,2.993868723772282,3.1372515078750123,4.573953730589419,0.02594055295297968,4.523110246801578,4.624797214377259,0.848650050835561,0.001883353848020011,0.8449586772934418,0.8523414243776802
discrete_map_rounding,Integer MAP rounding,600,tuned_level,200,200,0,0.0,1.1049998565703194,0.0030325916139283897,1.0990559770070198,1.110943736133619,0.9629141852360603,0.0019099324473912588,0.9591707176391735,0.9666576528329471,0.1420856713342591,0.0023598379069973687,0.13746038903654426,0.14671095363197392,14.767374774646488,0.2457495827557741,14.28570559244517,15.249043956847805,0.10818834972897468,0.0011133801124733609,0.10600612470852688,0.11037057474942247,0.13504628022440518,0.0014140493121281338,0.13227474357263402,0.13781781687617634,0.012022583088208048,0.0007817269493255686,0.010490398267529934,0.013554767908886163,0.014775060703185652,0.0006924941891400913,0.013417772092471072,0.01613234931390023,2.6001315273892076,0.04539113919945476,2.5111648945582763,2.689098160220139,4.102453213415219,0.025109633731470748,4.053238331301537,4.151668095528902,0.8353009686165445,0.002455890183086161,0.8304874238576956,0.8401145133753933
discrete_map_rounding,Integer MAP rounding,600,tuned_level_slope,200,200,0,0.0,1.177470649269117,0.0031214414660252123,1.1713526239957075,1.1835886745425264,0.9629141852360603,0.0019099324473912588,0.9591707176391735,0.9666576528329471,0.2145564640330565,0.002887694265041064,0.20889658327357602,0.220216344792537,22.323361765633717,0.3121322067325945,21.711582640437832,22.9351408908296,0.09377733632108627,0.0009843311667618116,0.09184804723423312,0.09570662540793942,0.09384216154216149,0.0009849324037134516,0.09191169403088312,0.09577262905343986,0.012075983044733,0.0006527951141877598,0.01079650462092499,0.01335546146854101,0.012118486837236793,0.0006523112421193565,0.010839956802682855,0.013397016871790731,1.11373246171461,0.02727514268190041,1.0602731820580853,1.1671917413711348,4.061543059022395,0.02054852391129136,4.021267952156264,4.101818165888527,0.766011608837395,0.002715111605845803,0.7606899900899373,0.7713332275848528
informative_monitoring,Informative monitoring,600,oracle,200,200,0,0.0,0.9613405196384494,0.0028270288586144097,0.9557995430755651,0.9668814962013336,0.9613405196384494,0.0028270288586144097,0.9557995430755651,0.9668814962013336,0.0,0.0,0.0,0.0,0.0,0.0,0.0,0.0,0.10309375217879953,0.0009391663698380502,0.10125298609391695,0.10493451826368211,0.10309375217879953,0.0009391663698380502,0.10125298609391695,0.10493451826368211,0.010664068431246208,0.0005988834150276696,0.009490256937791975,0.01183787992470044,0.010664068431246208,0.0005988834150276696,0.009490256937791975,0.01183787992470044,,,,,,,,,,,,
informative_monitoring,Informative monitoring,600,population,200,200,0,0.0,1.504087814414799,0.004597742083235717,1.495076239931657,1.5130993888979412,0.9613405196384494,0.0028270288586144097,0.9557995430755651,0.9668814962013336,0.5427472947763496,0.004925780344845193,0.533092765300453,0.5524018242522463,56.67470285396618,0.5976289791903324,55.50335005475313,57.846055653179235,0.045454433063353304,0.0009139960987409496,0.04366300070982104,0.047245865416885566,0.045454433063353304,0.0009139960987409496,0.04366300070982104,0.047245865416885566,0.05454556693664662,0.0009139960987409497,0.05275413458311436,0.05633699929017888,0.05454556693664662,0.0009139960987409497,0.05275413458311436,0.05633699929017888,,,,,,,,,,,,
informative_monitoring,Informative monitoring,600,raw_index_q10,200,200,0,0.0,1.3243047705127575,0.006616566950833733,1.3113362992891233,1.3372732417363917,0.9613405196384494,0.0028270288586144097,0.9557995430755651,0.9668814962013336,0.3629642508743081,0.006118179915569848,0.3509726182397912,0.374955883508825,37.840631612926714,0.6534644769969714,36.55984123801265,39.121421987840776,0.20173441873797424,0.001588712182281519,0.19862054286070246,0.204848294615246,0.20173441873797424,0.001588712182281519,0.19862054286070246,0.204848294615246,0.10173441873797423,0.001588712182281519,0.09862054286070246,0.104848294615246,0.10173441873797423,0.001588712182281519,0.09862054286070246,0.104848294615246,,,,,,,,,,,,
informative_monitoring,Informative monitoring,600,affine_calibrated_q10,200,200,0,0.0,1.1125111140692194,0.003399222542013935,1.1058486378868722,1.1191735902515667,0.9613405196384494,0.0028270288586144097,0.9557995430755651,0.9668814962013336,0.15117059443077024,0.002956142772946054,0.145376554595796,0.1569646342657445,15.80896098702537,0.325826067923067,15.17034189389616,16.44758008015458,0.09944328686932687,0.0016492180800383497,0.0962108194324517,0.10267575430620203,0.09944328686932687,0.0016492180800383497,0.0962108194324517,0.10267575430620203,0.018105041535870628,0.0010364743469951172,0.016073551815760197,0.02013653125598106,0.018105041535870628,0.0010364743469951172,0.016073551815760197,0.02013653125598106,,,,,,,,,,,,
informative_monitoring,Informative monitoring,600,unpenalized_level,200,200,0,0.0,1.3243047705127575,0.006616566950833733,1.3113362992891233,1.3372732417363917,0.9613405196384494,0.0028270288586144097,0.9557995430755651,0.9668814962013336,0.3629642508743081,0.006118179915569848,0.3509726182397912,0.374955883508825,37.840631612926714,0.6534644769969714,36.55984123801265,39.121421987840776,0.20173441873797424,0.001588712182281519,0.19862054286070246,0.204848294615246,0.20173441873797424,0.001588712182281519,0.19862054286070246,0.204848294615246,0.10173441873797423,0.001588712182281519,0.09862054286070246,0.104848294615246,0.10173441873797423,0.001588712182281519,0.09862054286070246,0.104848294615246,7.863636828677052,0.04886951833668969,7.76785257273714,7.959421084616964,8.928143137923763,0.044119512895042026,8.841668892649482,9.014617383198045,0.8186505103049556,0.0023531797371551346,0.8140382780201315,0.8232627425897797
informative_monitoring,Informative monitoring,600,tuned_level,200,200,0,0.0,1.1824261426004172,0.004007835492485549,1.1745707850351454,1.190281500165689,0.9613405196384494,0.0028270288586144097,0.9557995430755651,0.9668814962013336,0.22108562296196793,0.0037979501729551363,0.21364164062297586,0.22852960530096,23.106023908255924,0.4209644628055801,22.28093356115699,23.93111425535486,0.09121183022612488,0.0017378297014254507,0.08780568401133099,0.09461797644091877,0.09121183022612488,0.0017378297014254507,0.08780568401133099,0.09461797644091877,0.01838088979214652,0.0013078141274191616,0.015817574102404964,0.020944205481888075,0.01838088979214652,0.0013078141274191616,0.015817574102404964,0.020944205481888075,4.479498006662024,0.056759885361139024,4.3682486313541915,4.590747381969857,6.030650091541361,0.04953338207581901,5.933564662672755,6.127735520409966,0.6835766296882707,0.004065646999474468,0.6756079615693007,0.6915452978072407
informative_monitoring,Informative monitoring,600,tuned_level_slope,200,200,0,0.0,1.382515240533782,0.004090328742577559,1.37449819619833,1.3905322848692339,0.9613405196384494,0.0028270288586144097,0.9557995430755651,0.9668814962013336,0.4211747208953327,0.004385315003761524,0.41257950348796013,0.42976993830270527,43.99972411587182,0.5232679763391449,42.9741188822471,45.025329349496545,0.0458818715571279,0.0007792250455869353,0.044354590467777504,0.04740915264647829,0.0458818715571279,0.0007792250455869353,0.044354590467777504,0.04740915264647829,0.054118128442872025,0.0007792250455869355,0.05259084735352163,0.05564540953222242,0.054118128442872025,0.0007792250455869355,0.05259084735352163,0.05564540953222242,1.0105270372544775,0.03125990892693946,0.9492576157576761,1.0717964587512787,5.035660661212157,0.020454929816560732,4.995568998771698,5.075752323652616,0.48848053272025965,0.005586942286987615,0.47753012583776394,0.49943093960275536
cluster_size_informative,Cluster size--level association,600,oracle,200,200,0,0.0,0.9590773044086393,0.002141346666423395,0.9548802649424494,0.9632743438748291,0.9590773044086393,0.002141346666423395,0.9548802649424494,0.9632743438748291,0.0,0.0,0.0,0.0,0.0,0.0,0.0,0.0,0.09905530591054969,0.0006431180633774905,0.0977947945063298,0.10031581731476957,0.09905530591054969,0.0006431180633774905,0.0977947945063298,0.10031581731476957,0.007546743947701715,0.00036316358812004876,0.006834943314986419,0.008258544580417011,0.007546743947701715,0.00036316358812004876,0.006834943314986419,0.008258544580417011,,,,,,,,,,,,
cluster_size_informative,Cluster size--level association,600,population,200,200,0,0.0,1.3867766496751306,0.0033221704012622397,1.3802651956886567,1.3932881036616045,0.9590773044086393,0.002141346666423395,0.9548802649424494,0.9632743438748291,0.4276993452664914,0.003645426894351882,0.4205543085535617,0.4348443819794211,44.71268998691519,0.43426145008075034,43.861537544756914,45.56384242907346,0.0707055921315741,0.0008848872030305405,0.06897121321363424,0.07243997104951395,0.0707055921315741,0.0008848872030305405,0.06897121321363424,0.07243997104951395,0.02941333269073687,0.0008648357657462714,0.02771825458987418,0.031108410791599563,0.02941333269073687,0.0008648357657462714,0.02771825458987418,0.031108410791599563,,,,,,,,,,,,
cluster_size_informative,Cluster size--level association,600,raw_index_q10,200,200,0,0.0,1.0952504121041187,0.003069225924912174,1.0892347292912907,1.1012660949169466,0.9590773044086393,0.002141346666423395,0.9548802649424494,0.9632743438748291,0.1361731076954795,0.0024702611109386013,0.13133139591803983,0.14101481947291916,14.225808988594194,0.26446226344258866,13.70746295224672,14.744155024941668,0.12878558220567699,0.0009692774762676319,0.12688579835219244,0.13068536605916153,0.12878558220567699,0.0009692774762676319,0.12688579835219244,0.13068536605916153,0.028819706032844526,0.0009641684872103292,0.02692993579791228,0.030709476267776772,0.028819706032844526,0.0009641684872103292,0.02692993579791228,0.030709476267776772,,,,,,,,,,,,
cluster_size_informative,Cluster size--level association,600,affine_calibrated_q10,200,200,0,0.0,1.0575956799989772,0.0021924233595360014,1.0532985302142865,1.0618928297836678,0.9590773044086393,0.002141346666423395,0.9548802649424494,0.9632743438748291,0.098518375590338,0.0014961332764675695,0.09558595436846157,0.10145079681221444,10.303836838746907,0.16394033477008702,9.982513782597536,10.625159894896278,0.09983617335286255,0.0011100988851579575,0.09766037953795295,0.10201196716777214,0.09983617335286255,0.0011100988851579575,0.09766037953795295,0.10201196716777214,0.012800205093896995,0.0006396181970262046,0.011546553427725634,0.014053856760068355,0.012800205093896995,0.0006396181970262046,0.011546553427725634,0.014053856760068355,,,,,,,,,,,,
cluster_size_informative,Cluster size--level association,600,unpenalized_level,200,200,0,0.0,1.0952504121041187,0.003069225924912174,1.0892347292912907,1.1012660949169466,0.9590773044086393,0.002141346666423395,0.9548802649424494,0.9632743438748291,0.1361731076954795,0.0024702611109386013,0.13133139591803983,0.14101481947291916,14.225808988594194,0.26446226344258866,13.70746295224672,14.744155024941668,0.12878558220567699,0.0009692774762676319,0.12688579835219244,0.13068536605916153,0.12878558220567699,0.0009692774762676319,0.12688579835219244,0.13068536605916153,0.028819706032844526,0.0009641684872103292,0.02692993579791228,0.030709476267776772,0.028819706032844526,0.0009641684872103292,0.02692993579791228,0.030709476267776772,4.409359488277842,0.03408494774653057,4.342552990694642,4.4761659858610425,5.36906881105844,0.029696918358097082,5.31086285107657,5.42727477104031,0.8748359127149999,0.0016723204413090732,0.8715581646500341,0.8781136607799658
cluster_size_informative,Cluster size--level association,600,tuned_level,200,200,0,0.0,1.083952888675104,0.0026022356998556696,1.078852506703387,1.089053270646821,0.9590773044086393,0.002141346666423395,0.9548802649424494,0.9632743438748291,0.12487558426646465,0.0021715518062731033,0.12061934272616937,0.12913182580675994,13.060157852314196,0.2354281935432416,12.598718592969442,13.52159711165895,0.10778760756608081,0.001228229463789404,0.10538027781705359,0.11019493731510804,0.10778760756608081,0.001228229463789404,0.10538027781705359,0.11019493731510804,0.013787174013064058,0.0009263361661889276,0.01197155512733376,0.015602792898794356,0.013787174013064058,0.0009263361661889276,0.01197155512733376,0.015602792898794356,3.736841668132488,0.04426061984821314,3.6500908532299903,3.823592483034986,4.895632408538685,0.03496426162991391,4.827102455744053,4.964162361333316,0.8334199700326684,0.0026978441913330874,0.8281321954176556,0.8387077446476813
cluster_size_informative,Cluster size--level association,600,tuned_level_slope,200,200,0,0.0,1.210896774730544,0.0024416250798650198,1.2061111895740084,1.2156823598870794,0.9590773044086393,0.002141346666423395,0.9548802649424494,0.9632743438748291,0.2518194703219047,0.0027568413838402464,0.24641606120957782,0.2572228794342316,26.349130773955938,0.3218317194307995,25.71834060387157,26.979920944040305,0.06785044856656211,0.0007023520148578646,0.06647383861744069,0.06922705851568353,0.06785044856656211,0.0007023520148578646,0.06647383861744069,0.06922705851568353,0.03215320464870093,0.0007015111484632428,0.030778242797712976,0.033528166499688886,0.03215320464870093,0.0007015111484632428,0.030778242797712976,0.033528166499688886,1.2232529559509064,0.029192358755114577,1.1660359327908818,1.280469979110931,4.5325920650503795,0.021442078363357427,4.490565591458199,4.57461853864256,0.6505679657983117,0.003636404831061249,0.6434406123294316,0.6576953192671917
common_time_misspecified,Misspecified common time,600,oracle,200,200,0,0.0,0.9665762131127468,0.00189689058497335,0.9628583075661991,0.9702941186592945,0.9665762131127468,0.00189689058497335,0.9628583075661991,0.9702941186592945,0.0,0.0,0.0,0.0,0.0,0.0,0.0,0.0,0.10052160189347685,0.000669084833926533,0.09921019561898084,0.10183300816797286,0.10052160189347685,0.000669084833926533,0.09921019561898084,0.10183300816797286,0.007527760780885734,0.00040531713896208314,0.006733339188520052,0.008322182373251417,0.007527760780885734,0.00040531713896208314,0.006733339188520052,0.008322182373251417,,,,,,,,,,,,
common_time_misspecified,Misspecified common time,600,population,200,200,0,0.0,1.4366444027231433,0.005597917637459574,1.4256724841537225,1.4476163212925641,0.9665762131127468,0.00189689058497335,0.9628583075661991,0.9702941186592945,0.47006818961039637,0.005383325934352276,0.4595168707790659,0.48061950844172685,48.68390628212351,0.5722224452558915,47.562350289421964,49.805462274825054,0.14579560335497832,0.0014935124271167701,0.14286831899782945,0.1487228877121272,0.14579560335497832,0.0014935124271167701,0.14286831899782945,0.1487228877121272,0.0457956033549783,0.0014935124271167701,0.04286831899782943,0.04872288771212717,0.0457956033549783,0.0014935124271167701,0.04286831899782943,0.04872288771212717,,,,,,,,,,,,
common_time_misspecified,Misspecified common time,600,raw_index_q10,200,200,0,0.0,1.7049100208656898,0.007335714546453842,1.6905320203546403,1.7192880213767392,0.9665762131127468,0.00189689058497335,0.9628583075661991,0.9702941186592945,0.738333807752943,0.007151702041673693,0.7243164717512626,0.7523511437546234,76.45640043436961,0.7642682861437959,74.95843459352777,77.95436627521146,0.33451088136400636,0.0014992187438663067,0.3315724126260284,0.33744935010198435,0.33451088136400636,0.0014992187438663067,0.3315724126260284,0.33744935010198435,0.23451088136400633,0.0014992187438663072,0.23157241262602837,0.23744935010198429,0.23451088136400633,0.0014992187438663072,0.23157241262602837,0.23744935010198429,,,,,,,,,,,,
common_time_misspecified,Misspecified common time,600,affine_calibrated_q10,200,200,0,0.0,1.1126350732897945,0.0026886169809895873,1.107365384007055,1.117904762572534,0.9665762131127468,0.00189689058497335,0.9628583075661991,0.9702941186592945,0.14605886017704756,0.002062067442502806,0.14201720798974204,0.15010051236435307,15.129527490411833,0.21858185591009452,14.701107052828048,15.557947927995619,0.10202609150109147,0.001166068661482565,0.09974059692458564,0.1043115860775973,0.10202609150109147,0.001166068661482565,0.09974059692458564,0.1043115860775973,0.013450537888037841,0.000686450288904616,0.012105095321784795,0.014795980454290888,0.013450537888037841,0.000686450288904616,0.012105095321784795,0.014795980454290888,,,,,,,,,,,,
common_time_misspecified,Misspecified common time,600,unpenalized_level,200,200,0,0.0,1.7049100208656898,0.007335714546453842,1.6905320203546403,1.7192880213767392,0.9665762131127468,0.00189689058497335,0.9628583075661991,0.9702941186592945,0.738333807752943,0.007151702041673693,0.7243164717512626,0.7523511437546234,76.45640043436961,0.7642682861437959,74.95843459352777,77.95436627521146,0.33451088136400636,0.0014992187438663067,0.3315724126260284,0.33744935010198435,0.33451088136400636,0.0014992187438663067,0.3315724126260284,0.33744935010198435,0.23451088136400633,0.0014992187438663072,0.23157241262602837,0.23744935010198429,0.23451088136400633,0.0014992187438663072,0.23157241262602837,0.23744935010198429,5.462388540183712,0.035663467897091704,5.392488143105412,5.532288937262011,6.452666405062574,0.03016942776167789,6.393534326649686,6.511798483475463,0.8480490439473019,0.0018228477551321233,0.8444762623472429,0.8516218255473608
common_time_misspecified,Misspecified common time,600,tuned_level,200,200,0,0.0,1.3101868636571063,0.004362321825489153,1.3016367128791475,1.3187370144350652,0.9665762131127468,0.00189689058497335,0.9628583075661991,0.9702941186592945,0.3436106505443594,0.003912485058562591,0.33594217982957675,0.35127912125914207,35.575620077958995,0.41095207045323845,34.770154019870645,36.381086136047344,0.18105482156732156,0.0020157709714728506,0.17710391046323476,0.18500573267140835,0.18105482156732156,0.0020157709714728506,0.17710391046323476,0.18500573267140835,0.08105482156732151,0.002015770971472851,0.07710391046323473,0.08500573267140829,0.08105482156732151,0.002015770971472851,0.07710391046323473,0.08500573267140829,1.83998915385078,0.06765692834279174,1.7073815742989082,1.9725967334026517,4.701154341223944,0.020547105294517837,4.660882014846689,4.741426667601199,0.7086885929051718,0.004156158001994518,0.7005425232212625,0.7168346625890811
common_time_misspecified,Misspecified common time,600,tuned_level_slope,200,200,0,0.0,1.3035680256980018,0.0043956635564403245,1.2949525251273788,1.3121835262686248,0.9665762131127468,0.00189689058497335,0.9628583075661991,0.9702941186592945,0.3369918125852549,0.003978287231615512,0.3291943696112885,0.3447892555592213,34.89291008795875,0.41892982319709887,34.07180763449243,35.71401254142506,0.17406292099104598,0.0014546426323461252,0.17121182143164757,0.1769140205504444,0.17406292099104598,0.0014546426323461252,0.17121182143164757,0.1769140205504444,0.07406292099104593,0.0014546426323461252,0.07121182143164753,0.07691402055044433,0.07406292099104593,0.0014546426323461252,0.07121182143164753,0.07691402055044433,1.65621581900639,0.037443491445340725,1.5828265757735223,1.7296050622392578,4.5391663070690065,0.020305021714219922,4.499368464509136,4.578964149628877,0.7161560156150927,0.0033219414244738525,0.7096450104231239,0.7226670208070615
level_plus_shape,Persistent level plus shape,600,oracle,200,200,0,0.0,0.9609710367469997,0.0018483726846504538,0.9573482262850848,0.9645938472089146,0.9609710367469997,0.0018483726846504538,0.9573482262850848,0.9645938472089146,0.0,0.0,0.0,0.0,0.0,0.0,0.0,0.0,0.10089954952454949,0.0006245523101030746,0.09967542699674746,0.10212367205235152,0.10089954952454949,0.0006245523101030746,0.09967542699674746,0.10212367205235152,0.007106397884522837,0.00037464455836191263,0.006372094550133488,0.007840701218912186,0.007106397884522837,0.00037464455836191263,0.006372094550133488,0.007840701218912186,,,,,,,,,,,,
level_plus_shape,Persistent level plus shape,600,population,200,200,0,0.0,1.2202544139815021,0.0034331961267632686,1.213525349573046,1.2269834783899582,0.9609710367469997,0.0018483726846504538,0.9573482262850848,0.9645938472089146,0.2592833772345024,0.0033025123255309547,0.2528104530764617,0.2657563013925431,27.02806919522776,0.3571518567782051,26.32805155594248,27.728086834513043,0.10288049901487396,0.000957051217999749,0.10100467862759445,0.10475631940215348,0.10288049901487396,0.000957051217999749,0.10100467862759445,0.10475631940215348,0.01088611619861615,0.0006017696199606188,0.009706647743493339,0.012065584653738963,0.01088611619861615,0.0006017696199606188,0.009706647743493339,0.012065584653738963,,,,,,,,,,,,
level_plus_shape,Persistent level plus shape,600,raw_index_q10,200,200,0,0.0,1.5507614853267855,0.00696485752659423,1.5371103645746609,1.56441260607891,0.9609710367469997,0.0018483726846504538,0.9573482262850848,0.9645938472089146,0.5897904485797858,0.0068618996343652585,0.5763411252964299,0.6032397718631417,61.44076841355399,0.7318901574872431,60.00626370487899,62.87527312222899,0.19286856424825174,0.0014997908981445054,0.1899289740878885,0.195808154408615,0.19286856424825174,0.0014997908981445054,0.1899289740878885,0.195808154408615,0.09286856424825171,0.0014997908981445056,0.08992897408788848,0.09580815440861494,0.09286856424825171,0.0014997908981445056,0.08992897408788848,0.09580815440861494,,,,,,,,,,,,
level_plus_shape,Persistent level plus shape,600,affine_calibrated_q10,200,200,0,0.0,1.2538363899184488,0.003862414999291697,1.2462660565198371,1.2614067233170605,0.9609710367469997,0.0018483726846504538,0.9573482262850848,0.9645938472089146,0.29286535317144924,0.003659577853958942,0.2856925805776897,0.3000381257652088,30.518672608867742,0.3931461015078974,29.748106249912265,31.28923896782322,0.10394383128445624,0.0014298031756639809,0.10114141706015484,0.10674624550875764,0.10394383128445624,0.0014298031756639809,0.10114141706015484,0.10674624550875764,0.016242697117697068,0.0008926041249442538,0.01449319303280633,0.017992201202587807,0.016242697117697068,0.0008926041249442538,0.01449319303280633,0.017992201202587807,,,,,,,,,,,,
level_plus_shape,Persistent level plus shape,600,unpenalized_level,200,200,0,0.0,1.5507614853267855,0.00696485752659423,1.5371103645746609,1.56441260607891,0.9609710367469997,0.0018483726846504538,0.9573482262850848,0.9645938472089146,0.5897904485797858,0.0068618996343652585,0.5763411252964299,0.6032397718631417,61.44076841355399,0.7318901574872431,60.00626370487899,62.87527312222899,0.19286856424825174,0.0014997908981445054,0.1899289740878885,0.195808154408615,0.19286856424825174,0.0014997908981445054,0.1899289740878885,0.195808154408615,0.09286856424825171,0.0014997908981445056,0.08992897408788848,0.09580815440861494,0.09286856424825171,0.0014997908981445056,0.08992897408788848,0.09580815440861494,1.7196148515042444,0.04198779766293232,1.637318768084897,1.8019109349235918,6.194026958505379,0.02750613379614197,6.140114936264941,6.247938980745817,0.1424400597845333,0.006253692089720955,0.13018282328868025,0.15469729628038636
level_plus_shape,Persistent level plus shape,600,tuned_level,200,200,0,0.0,1.218532909280691,0.003451020557009599,1.211768908988952,1.2252969095724298,0.9609710367469997,0.0018483726846504538,0.9573482262850848,0.9645938472089146,0.25756187253369106,0.0033075183524142286,0.25107913656295916,0.26404460850442296,26.84791012097569,0.3570294789337979,26.14813234226545,27.547687899685933,0.10475289976227473,0.0009923927658572907,0.10280780994119444,0.10669798958335501,0.10475289976227473,0.0009923927658572907,0.10280780994119444,0.10669798958335501,0.01156795207107702,0.0006526189141530306,0.01028881899933708,0.01284708514281696,0.01156795207107702,0.0006526189141530306,0.01028881899933708,0.01284708514281696,0.10632660909420227,0.028074689741328665,0.05130021720119809,0.16135300098720645,3.9880579572755597,0.01919882359381776,3.950428263031677,4.025687651519442,0.12106142340525143,0.006471122899185103,0.10837802252284863,0.13374482428765425
level_plus_shape,Persistent level plus shape,600,tuned_level_slope,200,200,0,0.0,1.2109142260207468,0.003517752492276472,1.204019431135885,1.2178090209056087,0.9609710367469997,0.0018483726846504538,0.9573482262850848,0.9645938472089146,0.24994318927374726,0.0033747783129358926,0.2433286237803929,0.25655775476710163,26.054398969973953,0.36386489152309237,25.341223782588692,26.767574157359213,0.11057426786176784,0.0010955443392077998,0.10842700095692055,0.11272153476661513,0.11057426786176784,0.0010955443392077998,0.10842700095692055,0.11272153476661513,0.014735987045361996,0.0008190848215880186,0.01313058079504948,0.016341393295674512,0.014735987045361996,0.0008190848215880186,0.01313058079504948,0.016341393295674512,0.3809655030819529,0.03365072982257233,0.31501007262971115,0.4469209335341947,3.9682994183285705,0.01904052743111572,3.9309799845635838,4.005618852093558,0.20208086911748435,0.006849934511003518,0.18865499747591746,0.21550674075905124
treatment_feedback,Treatment feedback,600,oracle,200,200,0,0.0,0.959703139082296,0.0022098446282278364,0.9553718436109694,0.9640344345536226,0.959703139082296,0.0022098446282278364,0.9553718436109694,0.9640344345536226,0.0,0.0,0.0,0.0,0.0,0.0,0.0,0.0,0.09888188570688566,0.0007144361035546971,0.09748159094391846,0.10028218046985286,0.09888188570688566,0.0007144361035546971,0.09748159094391846,0.10028218046985286,0.008076639564139516,0.00043462826020885533,0.00722476817413016,0.008928510954148873,0.008076639564139516,0.00043462826020885533,0.00722476817413016,0.008928510954148873,,,,,,,,,,,,
treatment_feedback,Treatment feedback,600,population,200,200,0,0.0,1.2719624929905058,0.00320887980897296,1.2656730885649188,1.2782518974160928,0.959703139082296,0.0022098446282278364,0.9553718436109694,0.9640344345536226,0.3122593539082099,0.0031255708371750192,0.30613323506734685,0.318385472749073,32.61828861720217,0.3567263221988967,31.919105025692332,33.317472208712005,0.08059379440004434,0.0010695672389664835,0.07849744261167003,0.08269014618841865,0.08059379440004434,0.0010695672389664835,0.07849744261167003,0.08269014618841865,0.021218645706145664,0.000879757652331182,0.01949432070757655,0.02294297070471478,0.021218645706145664,0.000879757652331182,0.01949432070757655,0.02294297070471478,,,,,,,,,,,,
treatment_feedback,Treatment feedback,600,raw_index_q10,200,200,0,0.0,1.1703781192572484,0.003247056864746504,1.1640138878023454,1.1767423507121515,0.959703139082296,0.0022098446282278364,0.9553718436109694,0.9640344345536226,0.21067498017495231,0.0028425324668150988,0.20510361653999473,0.2162463438099099,22.00092199740498,0.30958302178881014,21.39413927469891,22.607704720111048,0.12063791463166458,0.0010907180569939617,0.11850010723995641,0.12277572202337275,0.12063791463166458,0.0010907180569939617,0.11850010723995641,0.12277572202337275,0.02184648707773702,0.0009652193564232999,0.01995465713914735,0.02373831701632669,0.02184648707773702,0.0009652193564232999,0.01995465713914735,0.02373831701632669,,,,,,,,,,,,
treatment_feedback,Treatment feedback,600,affine_calibrated_q10,200,200,0,0.0,1.0902503615945656,0.002622409248091943,1.0851104394683053,1.0953902837208258,0.959703139082296,0.0022098446282278364,0.9553718436109694,0.9640344345536226,0.13054722251226958,0.00197477536611897,0.1266766627946764,0.13441778222986275,13.637627234683027,0.21537411393982311,13.215493971360974,14.05976049800508,0.099990291074666,0.0011941475422549577,0.09764976189184629,0.10233082025748572,0.099990291074666,0.0011941475422549577,0.09764976189184629,0.10233082025748572,0.013480419464794422,0.0007161106126430446,0.012076842664014055,0.01488399626557479,0.013480419464794422,0.0007161106126430446,0.012076842664014055,0.01488399626557479,,,,,,,,,,,,
treatment_feedback,Treatment feedback,600,unpenalized_level,200,200,0,0.0,1.1703781192572484,0.003247056864746504,1.1640138878023454,1.1767423507121515,0.959703139082296,0.0022098446282278364,0.9553718436109694,0.9640344345536226,0.21067498017495231,0.0028425324668150988,0.20510361653999473,0.2162463438099099,22.00092199740498,0.30958302178881014,21.39413927469891,22.607704720111048,0.12063791463166458,0.0010907180569939617,0.11850010723995641,0.12277572202337275,0.12063791463166458,0.0010907180569939617,0.11850010723995641,0.12277572202337275,0.02184648707773702,0.0009652193564232999,0.01995465713914735,0.02373831701632669,0.02184648707773702,0.0009652193564232999,0.01995465713914735,0.02373831701632669,1.2094353434629759,0.03375670093219424,1.1432722096358752,1.2755984772900766,4.202019446979808,0.021870417603877413,4.159153428476208,4.244885465483407,0.786451243477633,0.002452543051346449,0.7816442590969939,0.791258227858272
treatment_feedback,Treatment feedback,600,tuned_level,200,200,0,0.0,1.1189188389130766,0.0026953272360500393,1.1136359975304186,1.1242016802957346,0.959703139082296,0.0022098446282278364,0.9553718436109694,0.9640344345536226,0.15921569983078057,0.0022521653232433023,0.1548014557972237,0.16362994386433743,16.636021123167108,0.24742671872647395,16.15106475446322,17.120977491870995,0.09196176369926366,0.0013446824168063887,0.08932618616232314,0.09459734123620418,0.09196176369926366,0.0013446824168063887,0.08932618616232314,0.09459734123620418,0.017179123885373838,0.0008061227227075994,0.015599123348866943,0.018759124421880734,0.017179123885373838,0.0008061227227075994,0.015599123348866943,0.018759124421880734,0.6011640400169318,0.04566121571457354,0.5116680572163677,0.6906600228174959,3.4024168191691104,0.022643253547461602,3.3580360422160855,3.4467975961221353,0.7555240604918763,0.0034360742466416913,0.7487893549684586,0.762258766015294
treatment_feedback,Treatment feedback,600,tuned_level_slope,200,200,0,0.0,1.1452557125337157,0.0024285112708422514,1.140495830442865,1.1500155946245665,0.959703139082296,0.0022098446282278364,0.9553718436109694,0.9640344345536226,0.18555257345141984,0.002236177313828892,0.18116966591631523,0.18993548098652446,19.397449284841674,0.25431869441767996,18.89898464378302,19.895913925900327,0.0758771226458726,0.0008528982726782513,0.07420544203142322,0.07754880326032197,0.0758771226458726,0.0008528982726782513,0.07420544203142322,0.07754880326032197,0.02436516562141558,0.0008175572554665332,0.022762753400701174,0.025967577842129986,0.02436516562141558,0.0008175572554665332,0.022762753400701174,0.025967577842129986,-0.1841268516046209,0.023064783692212685,-0.22933382764135773,-0.13891987556788404,3.3616119217166327,0.017107183501156156,3.3280818420543667,3.3951420013788987,0.7085747822923776,0.002964559569781725,0.7027642455356053,0.7143853190491498
transient_nonpersistent,Transient non-persistence,600,oracle,200,200,0,0.0,0.9640399799022151,0.002196014329927345,0.9597357918155576,0.9683441679888727,0.9640399799022151,0.002196014329927345,0.9597357918155576,0.9683441679888727,0.0,0.0,0.0,0.0,0.0,0.0,0.0,0.0,0.10038901041088537,0.0007005898507227855,0.09901585430346871,0.10176216651830203,0.10038901041088537,0.0007005898507227855,0.09901585430346871,0.10176216651830203,0.00806906045343541,0.0004054651410876014,0.007274348776903711,0.008863772129967109,0.00806906045343541,0.0004054651410876014,0.007274348776903711,0.008863772129967109,,,,,,,,,,,,
transient_nonpersistent,Transient non-persistence,600,population,200,200,0,0.0,1.0038615394027925,0.0019333607201069418,1.000072152391383,1.0076509264142022,0.9640399799022151,0.002196014329927345,0.9597357918155576,0.9683441679888727,0.03982155950057754,0.0012605276586182795,0.03735092528968571,0.04229219371146936,4.163377454022019,0.13516624349612993,3.898451616769604,4.428303291274434,0.05805577744015239,0.0006646331644609362,0.05675309643780895,0.05935845844249583,0.05805577744015239,0.0006646331644609362,0.05675309643780895,0.05935845844249583,0.04194422255984752,0.000664633164460936,0.04064154155750409,0.04324690356219095,0.04194422255984752,0.000664633164460936,0.04064154155750409,0.04324690356219095,,,,,,,,,,,,
transient_nonpersistent,Transient non-persistence,600,raw_index_q10,200,200,0,0.0,1.7911688658236944,0.010254205884287404,1.771070622290491,1.8112671093568977,0.9640399799022151,0.002196014329927345,0.9597357918155576,0.9683441679888727,0.8271288859214794,0.010079725112889494,0.807372624700216,0.8468851471427428,85.89856708916261,1.0653012682879186,83.8105766033183,87.98655757500693,0.22151241189366186,0.0018020980949319668,0.21798029962759521,0.2250445241597285,0.22151241189366186,0.0018020980949319668,0.21798029962759521,0.2250445241597285,0.12151241189366185,0.0018020980949319664,0.1179802996275952,0.1250445241597285,0.12151241189366185,0.0018020980949319664,0.1179802996275952,0.1250445241597285,,,,,,,,,,,,
transient_nonpersistent,Transient non-persistence,600,affine_calibrated_q10,200,200,0,0.0,1.0344377255552988,0.002449111998930175,1.0296374660373957,1.0392379850732019,0.9640399799022151,0.002196014329927345,0.9597357918155576,0.9683441679888727,0.07039774565308363,0.0015767498417326603,0.06730731596328761,0.07348817534287964,7.323870700913692,0.16705011934631442,6.996452466994915,7.651288934832468,0.10040789812039808,0.0010452020340151337,0.09835930213372841,0.10245649410706774,0.10040789812039808,0.0010452020340151337,0.09835930213372841,0.10245649410706774,0.011841276085026036,0.0006234430764486464,0.01061932765518669,0.013063224514865383,0.011841276085026036,0.0006234430764486464,0.01061932765518669,0.013063224514865383,,,,,,,,,,,,
transient_nonpersistent,Transient non-persistence,600,unpenalized_level,200,200,0,0.0,1.7911688658236944,0.010254205884287404,1.771070622290491,1.8112671093568977,0.9640399799022151,0.002196014329927345,0.9597357918155576,0.9683441679888727,0.8271288859214794,0.010079725112889494,0.807372624700216,0.8468851471427428,85.89856708916261,1.0653012682879186,83.8105766033183,87.98655757500693,0.22151241189366186,0.0018020980949319668,0.21798029962759521,0.2250445241597285,0.22151241189366186,0.0018020980949319668,0.21798029962759521,0.2250445241597285,0.12151241189366185,0.0018020980949319664,0.1179802996275952,0.1250445241597285,0.12151241189366185,0.0018020980949319664,0.1179802996275952,0.1250445241597285,1.8458444021794265,0.04663720206492613,1.7544354861321714,1.9372533182266816,7.153040830067148,0.0334389806899412,7.087500427914863,7.218581232219433,,,,
transient_nonpersistent,Transient non-persistence,600,tuned_level,200,200,0,0.0,1.005893870477835,0.001979461403680729,1.0020141261266209,1.0097736148290493,0.9640399799022151,0.002196014329927345,0.9597357918155576,0.9683441679888727,0.04185389057561979,0.0013105447077666388,0.03928522294839718,0.044422558202842403,4.373834717915319,0.14020470511758812,4.0990334958848464,4.648635939945791,0.05802253961316456,0.0006606116155459051,0.05672774084669459,0.05931733837963453,0.05802253961316456,0.0006606116155459051,0.05672774084669459,0.05931733837963453,0.041977460386835336,0.0006606116155459049,0.040682661620365365,0.043272259153305306,0.041977460386835336,0.0006606116155459049,0.040682661620365365,0.043272259153305306,-0.022017285891806654,0.00400648418430748,-0.029869994893049315,-0.014164576890563992,0.20171271156929962,0.022956717918330226,0.1567175444493724,0.24670787868922686,,,,
transient_nonpersistent,Transient non-persistence,600,tuned_level_slope,200,200,0,0.0,1.0068880825213034,0.0020727394832961953,1.002825513134043,1.0109506519085638,0.9640399799022151,0.002196014329927345,0.9597357918155576,0.9683441679888727,0.04284810261908817,0.0013975791385669376,0.04010884750749697,0.045587357730679366,4.4755642276678245,0.14882065171943112,4.183875750297739,4.76725270503791,0.058840288184038136,0.0006865406346388752,0.05749466854014594,0.06018590782793033,0.058840288184038136,0.0006865406346388752,0.05749466854014594,0.06018590782793033,0.04115971181596178,0.0006865406346388752,0.03981409217206958,0.042505331459853975,0.04115971181596178,0.0006865406346388752,0.03981409217206958,0.042505331459853975,-0.007922442488875251,0.004755473043404698,-0.01724316965394846,0.0013982846761979566,0.2940544752598118,0.03503053836575179,0.2253946200629383,0.36271433045668533,,,,
null_serial,Pure null with serial dependence,600,oracle,200,200,0,0.0,0.9601024746394663,0.0025323973245659085,0.9551389758833171,0.9650659733956155,0.9601024746394663,0.0025323973245659085,0.9551389758833171,0.9650659733956155,0.0,0.0,0.0,0.0,0.0,0.0,0.0,0.0,0.0995018399424649,0.000867747220075245,0.09780105539111743,0.10120262449381238,0.0995018399424649,0.000867747220075245,0.09780105539111743,0.10120262449381238,0.009984793562918516,0.0005032363766228288,0.008998450264737771,0.01097113686109926,0.009984793562918516,0.0005032363766228288,0.008998450264737771,0.01097113686109926,,,,,,,,,,,,
null_serial,Pure null with serial dependence,600,population,200,200,0,0.0,0.9613584521598537,0.0025046119156421284,0.9564494128051951,0.9662674915145123,0.9601024746394663,0.0025323973245659085,0.9551389758833171,0.9650659733956155,0.0012559775203875472,0.00025685498241444774,0.0007525417548552297,0.0017594132859198646,0.13320802155954226,0.026924855642779636,0.08043530449969416,0.18598073861939035,0.09920917704980199,0.0009044970413564575,0.09743636284874334,0.10098199125086064,0.09920917704980199,0.0009044970413564575,0.09743636284874334,0.10098199125086064,0.010406246184371137,0.0005263905058039851,0.009374520792995326,0.011437971575746948,0.010406246184371137,0.0005263905058039851,0.009374520792995326,0.011437971575746948,,,,,,,,,,,,
null_serial,Pure null with serial dependence,600,raw_index_q10,200,200,0,0.0,1.20146403545126,0.004827877507642948,1.1920013955362798,1.2109266753662402,0.9601024746394663,0.0025323973245659085,0.9551389758833171,0.9650659733956155,0.24136156081179366,0.004136906561428921,0.23325322395139297,0.24946989767219435,25.17533515009169,0.43694223378700536,24.31892837186916,26.031741928314222,0.16810304729992226,0.001363126153357272,0.165431320039342,0.17077477456050252,0.16810304729992226,0.001363126153357272,0.165431320039342,0.17077477456050252,0.06810304729992225,0.001363126153357272,0.065431320039342,0.0707747745605025,0.06810304729992225,0.001363126153357272,0.065431320039342,0.0707747745605025,,,,,,,,,,,,
null_serial,Pure null with serial dependence,600,affine_calibrated_q10,200,200,0,0.0,1.018676548321213,0.002771168379811345,1.0132450582967827,1.0241080383456433,0.9601024746394663,0.0025323973245659085,0.9551389758833171,0.9650659733956155,0.05857407368174686,0.001484441217219013,0.05566456889599759,0.06148357846749612,6.119097810551167,0.15848976542217957,5.808457870323695,6.429737750778639,0.10067021080771076,0.0013262377466410054,0.09807078482429439,0.10326963679112712,0.10067021080771076,0.0013262377466410054,0.09807078482429439,0.10326963679112712,0.015253229409479357,0.0007694237897258831,0.013745158781616626,0.016761300037342088,0.015253229409479357,0.0007694237897258831,0.013745158781616626,0.016761300037342088,,,,,,,,,,,,
null_serial,Pure null with serial dependence,600,unpenalized_level,200,200,0,0.0,1.20146403545126,0.004827877507642948,1.1920013955362798,1.2109266753662402,0.9601024746394663,0.0025323973245659085,0.9551389758833171,0.9650659733956155,0.24136156081179366,0.004136906561428921,0.23325322395139297,0.24946989767219435,25.17533515009169,0.43694223378700536,24.31892837186916,26.031741928314222,0.16810304729992226,0.001363126153357272,0.165431320039342,0.17077477456050252,0.16810304729992226,0.001363126153357272,0.165431320039342,0.17077477456050252,0.06810304729992225,0.001363126153357272,0.065431320039342,0.0707747745605025,0.06810304729992225,0.001363126153357272,0.065431320039342,0.0707747745605025,0.7427018326136252,0.026177557059718137,0.6913938207765776,0.7940098444506728,3.7832177980366133,0.01911647956986518,3.7457494980796775,3.820686097993549,,,,
null_serial,Pure null with serial dependence,600,tuned_level,200,200,0,0.0,0.96229445576562,0.002525642916445103,0.9573441956493876,0.9672447158818525,0.9601024746394663,0.0025323973245659085,0.9551389758833171,0.9650659733956155,0.002191981126153969,0.00044331530504650423,0.001323083128262821,0.0030608791240451174,0.2310667259867943,0.04630254965475479,0.1403137286634749,0.3218197233101137,0.10032686341436337,0.000941867644286631,0.09848080283156156,0.10217292399716517,0.10032686341436337,0.000941867644286631,0.09848080283156156,0.10217292399716517,0.010714703814703765,0.0005574429193856959,0.009622115692707801,0.01180729193669973,0.010714703814703765,0.0005574429193856959,0.009622115692707801,0.01180729193669973,0.024985562274576836,0.004783504036293163,0.015609894363442237,0.03436123018571144,0.24013959900918597,0.018269172364702452,0.20433202117436916,0.2759471768440028,,,,
null_serial,Pure null with serial dependence,600,tuned_level_slope,200,200,0,0.0,0.9621214087356849,0.002509793580279563,0.9572022133183369,0.9670406041530328,0.9601024746394663,0.0025323973245659085,0.9551389758833171,0.9650659733956155,0.0020189340962186806,0.00042422705650503037,0.001187449065468821,0.00285041912696854,0.21365553320821568,0.04415812714278841,0.1271056040083504,0.300205462408081,0.10077300881988377,0.0009374837339085665,0.09893554070142298,0.10261047693834456,0.10077300881988377,0.0009374837339085665,0.09893554070142298,0.10261047693834456,0.010565085724460677,0.0005665410379459629,0.00945466529008659,0.011675506158834765,0.010565085724460677,0.0005665410379459629,0.00945466529008659,0.011675506158834765,0.036319270758117674,0.005284949017882914,0.025960770683067163,0.04667777083316818,0.24737817125056544,0.018092998564184306,0.2119158940647642,0.2828404484363667,,,,
weak_level,Weak persistent level,600,oracle,200,200,0,0.0,0.9654736861591111,0.0018618611316517143,0.9618244383410738,0.9691229339771484,0.9654736861591111,0.0018618611316517143,0.9618244383410738,0.9691229339771484,0.0,0.0,0.0,0.0,0.0,0.0,0.0,0.0,0.09980484636890882,0.0005956867640098604,0.0986373003114495,0.10097239242636814,0.09980484636890882,0.0005956867640098604,0.0986373003114495,0.10097239242636814,0.0067489042785917296,0.00035517762150396047,0.006052756140443967,0.0074450524167394925,0.0067489042785917296,0.00035517762150396047,0.006052756140443967,0.0074450524167394925,,,,,,,,,,,,
weak_level,Weak persistent level,600,population,200,200,0,0.0,1.0642009466512772,0.002227502784064131,1.0598350411945114,1.068566852108043,0.9654736861591111,0.0018618611316517143,0.9618244383410738,0.9691229339771484,0.09872726049216597,0.0013880192219142,0.09600674281721414,0.10144777816711781,10.237945468605256,0.14672491282303426,9.95036463947211,10.525526297738402,0.10124374046092792,0.0008660514589710327,0.0995462796013447,0.10294120132051114,0.10124374046092792,0.0008660514589710327,0.0995462796013447,0.10294120132051114,0.009880166997354447,0.0005169886288327026,0.008866869284842349,0.010893464709866544,0.009880166997354447,0.0005169886288327026,0.008866869284842349,0.010893464709866544,,,,,,,,,,,,
weak_level,Weak persistent level,600,raw_index_q10,200,200,0,0.0,1.086394041445594,0.002514988136869525,1.0814646646973296,1.0913234181938583,0.9654736861591111,0.0018618611316517143,0.9618244383410738,0.9691229339771484,0.12092035528648283,0.0017082277004281826,0.1175722289936436,0.12426848157932206,12.534632220137782,0.17953912107321093,12.182735542834289,12.886528897441275,0.1271220824314574,0.0008277484090074132,0.12549969554980286,0.12874446931311193,0.1271220824314574,0.0008277484090074132,0.12549969554980286,0.12874446931311193,0.02717367863617858,0.0008192006862026605,0.025568045291221364,0.028779311981135793,0.02717367863617858,0.0008192006862026605,0.025568045291221364,0.028779311981135793,,,,,,,,,,,,
weak_level,Weak persistent level,600,affine_calibrated_q10,200,200,0,0.0,1.0379251453865856,0.0022287495296346104,1.0335567963085017,1.0422934944646696,0.9654736861591111,0.0018618611316517143,0.9618244383410738,0.9691229339771484,0.07245145922747433,0.0013096934438569826,0.06988446007751464,0.07501845837743401,7.512075374211233,0.13732140882040075,7.242925412923247,7.781225335499219,0.101083479541292,0.0009559351117333065,0.09920984672229471,0.10295711236028929,0.101083479541292,0.0009559351117333065,0.09920984672229471,0.10295711236028929,0.010573121034058486,0.0005982874015112788,0.00940047772709638,0.011745764341020593,0.010573121034058486,0.0005982874015112788,0.00940047772709638,0.011745764341020593,,,,,,,,,,,,
weak_level,Weak persistent level,600,unpenalized_level,200,200,0,0.0,1.086394041445594,0.002514988136869525,1.0814646646973296,1.0913234181938583,0.9654736861591111,0.0018618611316517143,0.9618244383410738,0.9691229339771484,0.12092035528648283,0.0017082277004281826,0.1175722289936436,0.12426848157932206,12.534632220137782,0.17953912107321093,12.182735542834289,12.886528897441275,0.1271220824314574,0.0008277484090074132,0.12549969554980286,0.12874446931311193,0.1271220824314574,0.0008277484090074132,0.12549969554980286,0.12874446931311193,0.02717367863617858,0.0008192006862026605,0.025568045291221364,0.028779311981135793,0.02717367863617858,0.0008192006862026605,0.025568045291221364,0.028779311981135793,0.7122303789878992,0.021190141170976964,0.6706977022927844,0.753763055683014,2.95212678599731,0.014847945858625101,2.923024812114405,2.9812287598802154,0.6567309391038647,0.0037007608510472505,0.6494774478358121,0.6639844303719173
weak_level,Weak persistent level,600,tuned_level,200,200,0,0.0,1.0247854815900594,0.002135754625224078,1.0205994025246203,1.0289715606554986,0.9654736861591111,0.0018618611316517143,0.9618244383410738,0.9691229339771484,0.059311795430948215,0.0011135648284360674,0.057129208367213524,0.061494382494682906,6.149397544361209,0.1161053887148691,5.921830982480065,6.376964106242353,0.10382847181753427,0.0008408813263549093,0.10218034441787864,0.1054765992171899,0.10382847181753427,0.0008408813263549093,0.10218034441787864,0.1054765992171899,0.00990491597522842,0.0005364082839867116,0.008853555738614466,0.010956276211842376,0.00990491597522842,0.0005364082839867116,0.008853555738614466,0.010956276211842376,0.38255665270463823,0.01859762027621946,0.3461053169632481,0.4190079884460284,1.9885915740111266,0.01125212137934831,1.966537416107604,2.010645731914649,0.6566527173191079,0.0035871213957719564,0.6496219593833948,0.663683475254821
weak_level,Weak persistent level,600,tuned_level_slope,200,200,0,0.0,1.0324779845519487,0.0021641152895838342,1.0282363185843644,1.036719650519533,0.9654736861591111,0.0018618611316517143,0.9618244383410738,0.9691229339771484,0.06700429839283739,0.001202463217307606,0.06464747048691448,0.0693611262987603,6.947633698416552,0.12566063924479676,6.701338845496751,7.193928551336353,0.10241832929801674,0.0008214690589462798,0.10080824994248203,0.10402840865355145,0.10241832929801674,0.0008214690589462798,0.10080824994248203,0.10402840865355145,0.009563957165519619,0.0004945253623941531,0.008594687455227078,0.010533226875812159,0.009563957165519619,0.0004945253623941531,0.008594687455227078,0.010533226875812159,0.30415896761598543,0.016250373129374936,0.2723082362824106,0.3360096989495603,2.058447931601052,0.010106441572999057,2.038639306117974,2.07825655708413,0.6136083941045072,0.00420892211265424,0.6053589067637049,0.6218578814453095
heavy_tail_t3,Heavy-tailed t3 residual,600,oracle,200,200,0,0.0,1.3533352655989552,0.005424172218939414,1.3427038880498339,1.3639666431480766,1.3533352655989552,0.005424172218939414,1.3427038880498339,1.3639666431480766,0.0,0.0,0.0,0.0,0.0,0.0,0.0,0.0,0.0992461694555444,0.0005779937951875053,0.09811330161697689,0.10037903729411192,0.0992461694555444,0.0005779937951875053,0.09811330161697689,0.10037903729411192,0.0063319579725829266,0.0003680442495174722,0.0056105912435286814,0.007053324701637172,0.0063319579725829266,0.0003680442495174722,0.0056105912435286814,0.007053324701637172,,,,,,,,,,,,
heavy_tail_t3,Heavy-tailed t3 residual,600,population,200,200,0,0.0,1.669694462722106,0.005757625581007811,1.6584095165833306,1.6809794088608814,1.3533352655989552,0.005424172218939414,1.3427038880498339,1.3639666431480766,0.31635919712315064,0.0036270398236099145,0.3092501990688752,0.3234681951774261,23.50224845264802,0.30827994831150424,22.89801975395747,24.106477151338567,0.10112315768722015,0.0010300955113650419,0.09910417048494466,0.10314214488949563,0.10112315768722015,0.0010300955113650419,0.09910417048494466,0.10314214488949563,0.011209736617549067,0.0006602936148323552,0.00991556113247765,0.012503912102620484,0.011209736617549067,0.0006602936148323552,0.00991556113247765,0.012503912102620484,,,,,,,,,,,,
heavy_tail_t3,Heavy-tailed t3 residual,600,raw_index_q10,200,200,0,0.0,1.5570045620913353,0.006498518366047377,1.5442674660938824,1.5697416580887882,1.3533352655989552,0.005424172218939414,1.3427038880498339,1.3639666431480766,0.20366929649238005,0.003781236647412046,0.19625807266345244,0.21108052032130767,15.103567742820779,0.2885255389471075,14.538057686484448,15.66907779915711,0.12573053844303841,0.0008150229772826301,0.12413309340756445,0.12732798347851237,0.12573053844303841,0.0008150229772826301,0.12413309340756445,0.12732798347851237,0.025810277107152054,0.0008022532102781845,0.024237860815006812,0.027382693399297296,0.025810277107152054,0.0008022532102781845,0.024237860815006812,0.027382693399297296,,,,,,,,,,,,
heavy_tail_t3,Heavy-tailed t3 residual,600,affine_calibrated_q10,200,200,0,0.0,1.502139615741898,0.005979656255601801,1.4904194894809184,1.5138597420028777,1.3533352655989552,0.005424172218939414,1.3427038880498339,1.3639666431480766,0.14880435014294277,0.0029257089752779213,0.14306996055139803,0.1545387397344875,11.041057709766545,0.2243512887159569,10.60132918388327,11.48078623564982,0.1005369045306545,0.0011227670611818293,0.09833628109073812,0.10273752797057088,0.1005369045306545,0.0011227670611818293,0.09833628109073812,0.10273752797057088,0.012331077487327442,0.0007056603996879508,0.010947983103939058,0.013714171870715825,0.012331077487327442,0.0007056603996879508,0.010947983103939058,0.013714171870715825,,,,,,,,,,,,
heavy_tail_t3,Heavy-tailed t3 residual,600,unpenalized_level,200,200,0,0.0,1.5570045620913353,0.006498518366047377,1.5442674660938824,1.5697416580887882,1.3533352655989552,0.005424172218939414,1.3427038880498339,1.3639666431480766,0.20366929649238005,0.003781236647412046,0.19625807266345244,0.21108052032130767,15.103567742820779,0.2885255389471075,14.538057686484448,15.66907779915711,0.12573053844303841,0.0008150229772826301,0.12413309340756445,0.12732798347851237,0.12573053844303841,0.0008150229772826301,0.12413309340756445,0.12732798347851237,0.025810277107152054,0.0008022532102781845,0.024237860815006812,0.027382693399297296,0.025810277107152054,0.0008022532102781845,0.024237860815006812,0.027382693399297296,2.1348303411125276,0.049886968204211755,2.0370518834322726,2.2326087987927825,6.492798589727442,0.15600091368769992,6.18703679889955,6.798560380555333,0.6790944682742915,0.007100637704425282,0.665177218373618,0.6930117181749651
heavy_tail_t3,Heavy-tailed t3 residual,600,tuned_level,200,200,0,0.0,1.482208338927678,0.005533456009864786,1.471362765148343,1.4930539127070128,1.3533352655989552,0.005424172218939414,1.3427038880498339,1.3639666431480766,0.12887307332872278,0.002025092852748873,0.12490389133733498,0.13284225532011057,9.568154214550875,0.15985470359560516,9.254838995503489,9.88146943359826,0.10449411976911971,0.00108477658964171,0.10236795765342195,0.10662028188481747,0.10449411976911971,0.00108477658964171,0.10236795765342195,0.10662028188481747,0.013140837750212696,0.0006406921718671673,0.011885081093353048,0.014396594407072345,0.013140837750212696,0.0006406921718671673,0.011885081093353048,0.014396594407072345,1.9347500572758383,0.05065462215717836,1.8354669978477687,2.034033116703908,4.310570315885709,0.028554064241227566,4.254604349972903,4.366536281798515,0.746881053277051,0.003492066380708345,0.7400366031708626,0.7537255033832394
heavy_tail_t3,Heavy-tailed t3 residual,600,tuned_level_slope,200,200,0,0.0,1.5218760508028646,0.005246853473946764,1.511592217993929,1.5321598836118002,1.3533352655989552,0.005424172218939414,1.3427038880498339,1.3639666431480766,0.1685407852039094,0.00201657884135576,0.1645882906748521,0.1724932797329667,12.52567301569075,0.17136595343334707,12.189795746961389,12.86155028442011,0.09333204278360523,0.0008012281225891221,0.09176163566333055,0.0949024499038799,0.09333204278360523,0.0008012281225891221,0.09176163566333055,0.0949024499038799,0.010783482200669657,0.0005301440946085728,0.009744399775236855,0.011822564626102459,0.010783482200669657,0.0005301440946085728,0.009744399775236855,0.011822564626102459,1.0188046727943358,0.030427103580922512,0.9591675497757277,1.078441795812944,4.242416183617042,0.01840309423621585,4.206346118914059,4.278486248320025,0.7007146775626297,0.003555709222364458,0.6937454874867954,0.707683867638464
