group_id,scenario_key,scenario_label,rep,intercept,slope,tuning_loss,raw_identity_tuning_loss,success,solver,solver_status,solver_message,max_equality_residual,n_tuning_stays,n_tuning_later_observations
10000000,transient_nonpersistent,Transient non-persistence,1,61.8660863657067,0.1300192000793926,1.0413718729648735,1.677253116690928,True,scipy.optimize.linprog(method='highs'),0,Optimization terminated successfully. (HiGHS Status 7: Optimal),1.4210854715202004e-14,120,1192
10000001,transient_nonpersistent,Transient non-persistence,2,67.16186557381958,0.05641192469004362,1.0444246672480026,1.7774505839330705,True,scipy.optimize.linprog(method='highs'),0,Optimization terminated successfully. (HiGHS Status 7: Optimal),1.4210854715202004e-14,120,1189
10000002,transient_nonpersistent,Transient non-persistence,3,63.17610538142385,0.11778770522585301,0.9777575025129347,1.5947198631390396,True,scipy.optimize.linprog(method='highs'),0,Optimization terminated successfully. (HiGHS Status 7: Optimal),1.4210854715202004e-14,120,1204
10000003,transient_nonpersistent,Transient non-persistence,4,61.707980577125916,0.13142413519933654,0.9687258113287018,1.8247781509570784,True,scipy.optimize.linprog(method='highs'),0,Optimization terminated successfully. (HiGHS Status 7: Optimal),1.4210854715202004e-14,120,1245
10000004,transient_nonpersistent,Transient non-persistence,5,64.3441107565651,0.09245184963359138,1.053358646160033,2.0427837543197747,True,scipy.optimize.linprog(method='highs'),0,Optimization terminated successfully. (HiGHS Status 7: Optimal),1.4210854715202004e-14,120,1148
10000005,transient_nonpersistent,Transient non-persistence,6,57.15594452120939,0.19405919490863804,1.100381555881065,1.5909803152013762,True,scipy.optimize.linprog(method='highs'),0,Optimization terminated successfully. (HiGHS Status 7: Optimal),1.4210854715202004e-14,120,1203
10000006,transient_nonpersistent,Transient non-persistence,7,64.3480852785956,0.09588540548810956,1.0285391143462086,1.859346385395957,True,scipy.optimize.linprog(method='highs'),0,Optimization terminated successfully. (HiGHS Status 7: Optimal),1.4210854715202004e-14,120,1181
10000007,transient_nonpersistent,Transient non-persistence,8,67.22106713869037,0.06087406843410104,1.0230391655200841,1.890158262693022,True,scipy.optimize.linprog(method='highs'),0,Optimization terminated successfully. (HiGHS Status 7: Optimal),1.4210854715202004e-14,120,1208
10000008,transient_nonpersistent,Transient non-persistence,9,62.57453221726658,0.11097245911918945,1.0170918905033808,1.6706857671291995,True,scipy.optimize.linprog(method='highs'),0,Optimization terminated successfully. (HiGHS Status 7: Optimal),1.4210854715202004e-14,120,1203
10000009,transient_nonpersistent,Transient non-persistence,10,54.546509724188844,0.22632902808331576,1.070014298530033,1.7498496515049273,True,scipy.optimize.linprog(method='highs'),0,Optimization terminated successfully. (HiGHS Status 7: Optimal),1.4210854715202004e-14,120,1164
10000010,transient_nonpersistent,Transient non-persistence,11,67.8832584764024,0.0421469931944085,1.075923635692576,2.108236887886449,True,scipy.optimize.linprog(method='highs'),0,Optimization terminated successfully. (HiGHS Status 7: Optimal),1.4210854715202004e-14,120,1158
10000011,transient_nonpersistent,Transient non-persistence,12,60.336091280445885,0.15120375622920365,1.0157530700869108,1.8827259122415747,True,scipy.optimize.linprog(method='highs'),0,Optimization terminated successfully. (HiGHS Status 7: Optimal),1.4210854715202004e-14,120,1176
10000012,transient_nonpersistent,Transient non-persistence,13,64.5136686570851,0.08113716287836083,1.1273783858954174,1.9039258124186438,True,scipy.optimize.linprog(method='highs'),0,Optimization terminated successfully. (HiGHS Status 7: Optimal),1.4210854715202004e-14,120,1211
10000013,transient_nonpersistent,Transient non-persistence,14,68.42497013440034,0.036572334674501376,1.0836452067391205,1.7463600231119676,True,scipy.optimize.linprog(method='highs'),0,Optimization terminated successfully. (HiGHS Status 7: Optimal),1.4210854715202004e-14,120,1211
10000014,transient_nonpersistent,Transient non-persistence,15,60.71375617334059,0.14934732431533157,0.9873031541604622,1.5533622784301566,True,scipy.optimize.linprog(method='highs'),0,Optimization terminated successfully. (HiGHS Status 7: Optimal),1.4210854715202004e-14,120,1180
10000015,transient_nonpersistent,Transient non-persistence,16,69.36593988444454,0.024883589438622605,1.0277068884372813,1.6341021964080988,True,scipy.optimize.linprog(method='highs'),0,Optimization terminated successfully. (HiGHS Status 7: Optimal),1.4210854715202004e-14,120,1216
10000016,transient_nonpersistent,Transient non-persistence,17,68.34884005030194,0.030417357261896445,1.0375712072220684,2.148199448837474,True,scipy.optimize.linprog(method='highs'),0,Optimization terminated successfully. (HiGHS Status 7: Optimal),2.842170943040401e-14,120,1230
10000017,transient_nonpersistent,Transient non-persistence,18,65.90726574697203,0.07884723508730124,0.9816056252491157,1.9322958876884726,True,scipy.optimize.linprog(method='highs'),0,Optimization terminated successfully. (HiGHS Status 7: Optimal),1.4210854715202004e-14,120,1221
10000018,transient_nonpersistent,Transient non-persistence,19,63.13656566426339,0.11627047605672507,1.036466298017126,1.8137714151272561,True,scipy.optimize.linprog(method='highs'),0,Optimization terminated successfully. (HiGHS Status 7: Optimal),1.4210854715202004e-14,120,1250
10000019,transient_nonpersistent,Transient non-persistence,20,58.27688327517516,0.1691725890090121,1.0343973559142559,1.774312573395971,True,scipy.optimize.linprog(method='highs'),0,Optimization terminated successfully. (HiGHS Status 7: Optimal),1.4210854715202004e-14,120,1234
10000020,transient_nonpersistent,Transient non-persistence,21,63.728041381905136,0.10610549571032984,1.0209776100788723,1.8216147756456227,True,scipy.optimize.linprog(method='highs'),0,Optimization terminated successfully. (HiGHS Status 7: Optimal),1.4210854715202004e-14,120,1225
10000021,transient_nonpersistent,Transient non-persistence,22,64.80673784298145,0.08481129033544767,1.0325818262465767,1.6980359456736211,True,scipy.optimize.linprog(method='highs'),0,Optimization terminated successfully. (HiGHS Status 7: Optimal),1.4210854715202004e-14,120,1159
10000022,transient_nonpersistent,Transient non-persistence,23,61.318424206465245,0.12822306287080956,1.0820149359316726,1.9369831533850284,True,scipy.optimize.linprog(method='highs'),0,Optimization terminated successfully. (HiGHS Status 7: Optimal),1.4210854715202004e-14,120,1212
10000023,transient_nonpersistent,Transient non-persistence,24,71.21252067362956,0.0017953702101618635,1.022133977470618,1.7044178721135932,True,scipy.optimize.linprog(method='highs'),0,Optimization terminated successfully. (HiGHS Status 7: Optimal),1.4210854715202004e-14,120,1158
10000024,transient_nonpersistent,Transient non-persistence,25,66.25757509561544,0.06768093604845679,1.0473769926494387,1.919434635354911,True,scipy.optimize.linprog(method='highs'),0,Optimization terminated successfully. (HiGHS Status 7: Optimal),1.4210854715202004e-14,120,1251
10000025,transient_nonpersistent,Transient non-persistence,26,65.6146576856812,0.07096573737771485,0.96922981443606,1.929542398199172,True,scipy.optimize.linprog(method='highs'),0,Optimization terminated successfully. (HiGHS Status 7: Optimal),1.4210854715202004e-14,120,1205
10000026,transient_nonpersistent,Transient non-persistence,27,62.82548527744981,0.11978891698147515,0.9556276511853478,1.7046186735544822,True,scipy.optimize.linprog(method='highs'),0,Optimization terminated successfully. (HiGHS Status 7: Optimal),1.4210854715202004e-14,120,1237
10000027,transient_nonpersistent,Transient non-persistence,28,57.97469535301093,0.186239357625229,0.994572336674693,1.7077077112995669,True,scipy.optimize.linprog(method='highs'),0,Optimization terminated successfully. (HiGHS Status 7: Optimal),1.4210854715202004e-14,120,1201
10000028,transient_nonpersistent,Transient non-persistence,29,60.82634765794382,0.1448241746031097,0.9881364576307365,1.5367828196143944,True,scipy.optimize.linprog(method='highs'),0,Optimization terminated successfully. (HiGHS Status 7: Optimal),1.4210854715202004e-14,120,1203
10000029,transient_nonpersistent,Transient non-persistence,30,56.865023993328535,0.19092130081975492,1.032702957992822,1.7634329425122002,True,scipy.optimize.linprog(method='highs'),0,Optimization terminated successfully. (HiGHS Status 7: Optimal),1.4210854715202004e-14,120,1195
10000030,transient_nonpersistent,Transient non-persistence,31,63.04594653065336,0.11305164611654699,0.9515440967157787,1.8443188103736483,True,scipy.optimize.linprog(method='highs'),0,Optimization terminated successfully. (HiGHS Status 7: Optimal),2.842170943040401e-14,120,1225
10000031,transient_nonpersistent,Transient non-persistence,32,58.376428359273476,0.17036752675321706,0.9689998313352688,1.6857740200251277,True,scipy.optimize.linprog(method='highs'),0,Optimization terminated successfully. (HiGHS Status 7: Optimal),1.4210854715202004e-14,120,1194
10000032,transient_nonpersistent,Transient non-persistence,33,65.57167851185996,0.07400455286759859,1.0297182724248122,1.7397496917830713,True,scipy.optimize.linprog(method='highs'),0,Optimization terminated successfully. (HiGHS Status 7: Optimal),1.4210854715202004e-14,120,1193
10000033,transient_nonpersistent,Transient non-persistence,34,64.57516692758821,0.09049142605448475,1.001122935794424,1.7357835067861198,True,scipy.optimize.linprog(method='highs'),0,Optimization terminated successfully. (HiGHS Status 7: Optimal),1.4210854715202004e-14,120,1183
10000034,transient_nonpersistent,Transient non-persistence,35,62.296689307502845,0.12120912523404431,1.0315636886466504,2.073237609475731,True,scipy.optimize.linprog(method='highs'),0,Optimization terminated successfully. (HiGHS Status 7: Optimal),1.4210854715202004e-14,120,1183
10000035,transient_nonpersistent,Transient non-persistence,36,62.849681828062685,0.11099390580962223,0.9719053688705332,1.5938281965815877,True,scipy.optimize.linprog(method='highs'),0,Optimization terminated successfully. (HiGHS Status 7: Optimal),1.4210854715202004e-14,120,1188
10000036,transient_nonpersistent,Transient non-persistence,37,71.08646100891401,-0.004997135720091109,0.9944196205364672,1.629754845523837,True,scipy.optimize.linprog(method='highs'),0,Optimization terminated successfully. (HiGHS Status 7: Optimal),1.4210854715202004e-14,120,1179
10000037,transient_nonpersistent,Transient non-persistence,38,54.5383586834927,0.22783059064859432,1.0414396286301808,1.6227232946503611,True,scipy.optimize.linprog(method='highs'),0,Optimization terminated successfully. (HiGHS Status 7: Optimal),1.4210854715202004e-14,120,1199
10000038,transient_nonpersistent,Transient non-persistence,39,66.78768014366898,0.05435572525993853,1.006516636196742,1.8904426369781868,True,scipy.optimize.linprog(method='highs'),0,Optimization terminated successfully. (HiGHS Status 7: Optimal),1.4210854715202004e-14,120,1172
10000039,transient_nonpersistent,Transient non-persistence,40,60.507523469953625,0.13730801815003582,1.0574327247420452,1.718726889829479,True,scipy.optimize.linprog(method='highs'),0,Optimization terminated successfully. (HiGHS Status 7: Optimal),1.4210854715202004e-14,120,1197
10000040,transient_nonpersistent,Transient non-persistence,41,59.5850292079545,0.15371190394267936,1.0921419446175331,1.8611655738869657,True,scipy.optimize.linprog(method='highs'),0,Optimization terminated successfully. (HiGHS Status 7: Optimal),1.4210854715202004e-14,120,1127
10000041,transient_nonpersistent,Transient non-persistence,42,58.74469859177409,0.17155532294589354,1.001896698011968,1.5634400323720026,True,scipy.optimize.linprog(method='highs'),0,Optimization terminated successfully. (HiGHS Status 7: Optimal),1.4210854715202004e-14,120,1168
10000042,transient_nonpersistent,Transient non-persistence,43,66.89742795641261,0.05603694777104483,1.0867591023113548,1.7599279623181574,True,scipy.optimize.linprog(method='highs'),0,Optimization terminated successfully. (HiGHS Status 7: Optimal),1.4210854715202004e-14,120,1245
10000043,transient_nonpersistent,Transient non-persistence,44,67.88770741318443,0.04169295935902928,1.043563605192973,1.9232875428610963,True,scipy.optimize.linprog(method='highs'),0,Optimization terminated successfully. (HiGHS Status 7: Optimal),1.4210854715202004e-14,120,1172
10000044,transient_nonpersistent,Transient non-persistence,45,61.149365041312805,0.1409099411066043,1.0484462511849584,1.7056414244718596,True,scipy.optimize.linprog(method='highs'),0,Optimization terminated successfully. (HiGHS Status 7: Optimal),1.4210854715202004e-14,120,1180
10000045,transient_nonpersistent,Transient non-persistence,46,61.64082891177578,0.13396430524882288,0.9893519329594059,1.8166087982842147,True,scipy.optimize.linprog(method='highs'),0,Optimization terminated successfully. (HiGHS Status 7: Optimal),1.4210854715202004e-14,120,1221
10000046,transient_nonpersistent,Transient non-persistence,47,64.66200283337314,0.08732854218840815,1.0766196683898213,1.587132782514804,True,scipy.optimize.linprog(method='highs'),0,Optimization terminated successfully. (HiGHS Status 7: Optimal),1.4210854715202004e-14,120,1227
10000047,transient_nonpersistent,Transient non-persistence,48,63.04301490902617,0.11124029171429153,0.9784917982354734,1.7323737236901244,True,scipy.optimize.linprog(method='highs'),0,Optimization terminated successfully. (HiGHS Status 7: Optimal),1.4210854715202004e-14,120,1159
10000048,transient_nonpersistent,Transient non-persistence,49,61.87247251782481,0.1262580758027236,1.0209287977586619,1.7859978713998497,True,scipy.optimize.linprog(method='highs'),0,Optimization terminated successfully. (HiGHS Status 7: Optimal),1.4210854715202004e-14,120,1141
10000049,transient_nonpersistent,Transient non-persistence,50,67.8724925680361,0.04603337282680923,0.9731491662941473,1.8624634725374443,True,scipy.optimize.linprog(method='highs'),0,Optimization terminated successfully. (HiGHS Status 7: Optimal),1.4210854715202004e-14,120,1200
10000050,transient_nonpersistent,Transient non-persistence,51,64.95148651064575,0.0871165382353087,0.9685443111701405,1.6657095468733998,True,scipy.optimize.linprog(method='highs'),0,Optimization terminated successfully. (HiGHS Status 7: Optimal),1.4210854715202004e-14,120,1181
10000051,transient_nonpersistent,Transient non-persistence,52,63.113425372689115,0.10476422825704872,1.0422333464941653,1.7501676724471513,True,scipy.optimize.linprog(method='highs'),0,Optimization terminated successfully. (HiGHS Status 7: Optimal),1.4210854715202004e-14,120,1201
10000052,transient_nonpersistent,Transient non-persistence,53,60.23017677404596,0.14546814608327313,1.0419366076897512,1.735833570084558,True,scipy.optimize.linprog(method='highs'),0,Optimization terminated successfully. (HiGHS Status 7: Optimal),1.4210854715202004e-14,120,1207
10000053,transient_nonpersistent,Transient non-persistence,54,65.99791416611075,0.07515333042174116,0.9724216296742637,1.6756766593957697,True,scipy.optimize.linprog(method='highs'),0,Optimization terminated successfully. (HiGHS Status 7: Optimal),1.4210854715202004e-14,120,1174
10000054,transient_nonpersistent,Transient non-persistence,55,60.39491241042127,0.14030393666021113,1.04782164887438,1.7751170080796232,True,scipy.optimize.linprog(method='highs'),0,Optimization terminated successfully. (HiGHS Status 7: Optimal),1.4210854715202004e-14,120,1206
10000055,transient_nonpersistent,Transient non-persistence,56,55.283987817884125,0.21510020131612778,1.0677880484927826,1.7465438122529735,True,scipy.optimize.linprog(method='highs'),0,Optimization terminated successfully. (HiGHS Status 7: Optimal),1.4210854715202004e-14,120,1156
10000056,transient_nonpersistent,Transient non-persistence,57,70.45853081730259,0.005277577915395013,0.9972950536475245,1.9465552838781954,True,scipy.optimize.linprog(method='highs'),0,Optimization terminated successfully. (HiGHS Status 7: Optimal),1.4210854715202004e-14,120,1190
10000057,transient_nonpersistent,Transient non-persistence,58,67.39289448075458,0.05727704050371767,1.0335857880064954,1.6324947902626963,True,scipy.optimize.linprog(method='highs'),0,Optimization terminated successfully. (HiGHS Status 7: Optimal),1.4210854715202004e-14,120,1200
10000058,transient_nonpersistent,Transient non-persistence,59,67.47542150593793,0.05472201287054296,0.9789864582148373,2.045668957757994,True,scipy.optimize.linprog(method='highs'),0,Optimization terminated successfully. (HiGHS Status 7: Optimal),1.4210854715202004e-14,120,1195
10000059,transient_nonpersistent,Transient non-persistence,60,69.37909990933628,0.017719000628444687,1.0259182360211592,2.053409488612732,True,scipy.optimize.linprog(method='highs'),0,Optimization terminated successfully. (HiGHS Status 7: Optimal),1.4210854715202004e-14,120,1155
10000060,transient_nonpersistent,Transient non-persistence,61,60.60140966182082,0.15330592650074093,0.9565578696457675,1.5809254852684504,True,scipy.optimize.linprog(method='highs'),0,Optimization terminated successfully. (HiGHS Status 7: Optimal),1.4210854715202004e-14,120,1189
10000061,transient_nonpersistent,Transient non-persistence,62,54.29537626123461,0.2177695620093676,1.0582532758665424,1.659901316866593,True,scipy.optimize.linprog(method='highs'),0,Optimization terminated successfully. (HiGHS Status 7: Optimal),1.4210854715202004e-14,120,1179
10000062,transient_nonpersistent,Transient non-persistence,63,59.482893229248106,0.16153170933997277,1.0507502147841394,1.8198841306515643,True,scipy.optimize.linprog(method='highs'),0,Optimization terminated successfully. (HiGHS Status 7: Optimal),1.4210854715202004e-14,120,1184
10000063,transient_nonpersistent,Transient non-persistence,64,62.263909508482094,0.11440211537679634,1.0183920716574064,1.6694270977952612,True,scipy.optimize.linprog(method='highs'),0,Optimization terminated successfully. (HiGHS Status 7: Optimal),1.4210854715202004e-14,120,1251
10000064,transient_nonpersistent,Transient non-persistence,65,59.639771099407255,0.14720982483431352,1.1108813464860954,1.9249970746645322,True,scipy.optimize.linprog(method='highs'),0,Optimization terminated successfully. (HiGHS Status 7: Optimal),1.4210854715202004e-14,120,1206
10000065,transient_nonpersistent,Transient non-persistence,66,66.52627859245649,0.07037581875204231,1.0334793173331305,1.7039870002344724,True,scipy.optimize.linprog(method='highs'),0,Optimization terminated successfully. (HiGHS Status 7: Optimal),1.4210854715202004e-14,120,1202
10000066,transient_nonpersistent,Transient non-persistence,67,63.73928192227261,0.09641319010695674,1.0178089182511625,1.9597596297714188,True,scipy.optimize.linprog(method='highs'),0,Optimization terminated successfully. (HiGHS Status 7: Optimal),1.4210854715202004e-14,120,1195
10000067,transient_nonpersistent,Transient non-persistence,68,57.1812080671982,0.18118922756814848,1.1302232789837754,1.8741941418134611,True,scipy.optimize.linprog(method='highs'),0,Optimization terminated successfully. (HiGHS Status 7: Optimal),1.4210854715202004e-14,120,1194
10000068,transient_nonpersistent,Transient non-persistence,69,60.536350896725146,0.1426468081428863,0.9996166126909668,1.7651219726919747,True,scipy.optimize.linprog(method='highs'),0,Optimization terminated successfully. (HiGHS Status 7: Optimal),1.4210854715202004e-14,120,1248
10000069,transient_nonpersistent,Transient non-persistence,70,68.86860727118608,0.025986912213342078,1.0242469137365546,1.6970788373049839,True,scipy.optimize.linprog(method='highs'),0,Optimization terminated successfully. (HiGHS Status 7: Optimal),1.4210854715202004e-14,120,1217
10000070,transient_nonpersistent,Transient non-persistence,71,67.59607627978997,0.044488730207760355,1.0320586137100776,1.7474042370138771,True,scipy.optimize.linprog(method='highs'),0,Optimization terminated successfully. (HiGHS Status 7: Optimal),1.4210854715202004e-14,120,1213
10000071,transient_nonpersistent,Transient non-persistence,72,64.3725457406764,0.08700457327764254,0.9818879302901421,1.7556630695118778,True,scipy.optimize.linprog(method='highs'),0,Optimization terminated successfully. (HiGHS Status 7: Optimal),1.4210854715202004e-14,120,1259
10000072,transient_nonpersistent,Transient non-persistence,73,62.78535475893836,0.12023318584029909,1.0477782903572324,1.5850801497191696,True,scipy.optimize.linprog(method='highs'),0,Optimization terminated successfully. (HiGHS Status 7: Optimal),1.4210854715202004e-14,120,1158
10000073,transient_nonpersistent,Transient non-persistence,74,64.79152371498037,0.0878515954053819,1.0131501070299984,1.8178921549796236,True,scipy.optimize.linprog(method='highs'),0,Optimization terminated successfully. (HiGHS Status 7: Optimal),1.4210854715202004e-14,120,1228
10000074,transient_nonpersistent,Transient non-persistence,75,68.53378000411338,0.0251720398826328,1.0254130808453095,1.9745453995267892,True,scipy.optimize.linprog(method='highs'),0,Optimization terminated successfully. (HiGHS Status 7: Optimal),1.4210854715202004e-14,120,1258
10000075,transient_nonpersistent,Transient non-persistence,76,60.43617775022781,0.1444018815614185,1.065343585945006,1.771961074358203,True,scipy.optimize.linprog(method='highs'),0,Optimization terminated successfully. (HiGHS Status 7: Optimal),1.4210854715202004e-14,120,1205
10000076,transient_nonpersistent,Transient non-persistence,77,64.39611513101602,0.08815096270537333,1.014305778940652,1.7730509320497867,True,scipy.optimize.linprog(method='highs'),0,Optimization terminated successfully. (HiGHS Status 7: Optimal),1.4210854715202004e-14,120,1293
10000077,transient_nonpersistent,Transient non-persistence,78,63.619866219800386,0.10371207240828445,1.0445908644650155,1.6939834557694202,True,scipy.optimize.linprog(method='highs'),0,Optimization terminated successfully. (HiGHS Status 7: Optimal),1.4210854715202004e-14,120,1185
10000078,transient_nonpersistent,Transient non-persistence,79,62.08200712805414,0.12285369985947069,1.0172045588298395,1.5715635335738694,True,scipy.optimize.linprog(method='highs'),0,Optimization terminated successfully. (HiGHS Status 7: Optimal),1.4210854715202004e-14,120,1229
10000079,transient_nonpersistent,Transient non-persistence,80,65.47066252566032,0.08605529001261099,0.9934436789359412,1.5755137092739426,True,scipy.optimize.linprog(method='highs'),0,Optimization terminated successfully. (HiGHS Status 7: Optimal),1.4210854715202004e-14,120,1227
10000080,transient_nonpersistent,Transient non-persistence,81,69.6206524717528,0.010778899831581557,1.052132018909357,1.9146013759353018,True,scipy.optimize.linprog(method='highs'),0,Optimization terminated successfully. (HiGHS Status 7: Optimal),1.4210854715202004e-14,120,1165
10000081,transient_nonpersistent,Transient non-persistence,82,66.35438067571343,0.05642648783376885,1.0794771019051561,1.8292160079165414,True,scipy.optimize.linprog(method='highs'),0,Optimization terminated successfully. (HiGHS Status 7: Optimal),1.4210854715202004e-14,120,1195
10000082,transient_nonpersistent,Transient non-persistence,83,64.178013208936,0.09349336769247282,1.0422760542273868,1.7497790841902674,True,scipy.optimize.linprog(method='highs'),0,Optimization terminated successfully. (HiGHS Status 7: Optimal),1.4210854715202004e-14,120,1217
10000083,transient_nonpersistent,Transient non-persistence,84,67.53008401020084,0.05505414484330859,1.0285219861458217,1.7307336852272317,True,scipy.optimize.linprog(method='highs'),0,Optimization terminated successfully. (HiGHS Status 7: Optimal),1.4210854715202004e-14,120,1208
10000084,transient_nonpersistent,Transient non-persistence,85,67.55686819343414,0.04710398978079854,1.0652395713418497,1.6299855162778614,True,scipy.optimize.linprog(method='highs'),0,Optimization terminated successfully. (HiGHS Status 7: Optimal),1.4210854715202004e-14,120,1223
10000085,transient_nonpersistent,Transient non-persistence,86,60.21847567315646,0.15061736965479997,1.089406138703248,1.7374230318440598,True,scipy.optimize.linprog(method='highs'),0,Optimization terminated successfully. (HiGHS Status 7: Optimal),1.4210854715202004e-14,120,1177
10000086,transient_nonpersistent,Transient non-persistence,87,65.88095932993505,0.062205978405105306,1.0097516837337932,1.6364506572401754,True,scipy.optimize.linprog(method='highs'),0,Optimization terminated successfully. (HiGHS Status 7: Optimal),1.4210854715202004e-14,120,1195
10000087,transient_nonpersistent,Transient non-persistence,88,57.41900351035248,0.19152089872655673,1.0730777440335237,1.6294536076668455,True,scipy.optimize.linprog(method='highs'),0,Optimization terminated successfully. (HiGHS Status 7: Optimal),1.4210854715202004e-14,120,1191
10000088,transient_nonpersistent,Transient non-persistence,89,68.14957712344378,0.041164177146920715,1.0043489987215009,1.8789752916153806,True,scipy.optimize.linprog(method='highs'),0,Optimization terminated successfully. (HiGHS Status 7: Optimal),1.4210854715202004e-14,120,1238
10000089,transient_nonpersistent,Transient non-persistence,90,68.08389387952836,0.0413082515902209,0.987466449615076,1.662515902928938,True,scipy.optimize.linprog(method='highs'),0,Optimization terminated successfully. (HiGHS Status 7: Optimal),1.4210854715202004e-14,120,1214
10000090,transient_nonpersistent,Transient non-persistence,91,68.9195805383111,0.029233901406808933,1.0889079489390447,1.8198990625238967,True,scipy.optimize.linprog(method='highs'),0,Optimization terminated successfully. (HiGHS Status 7: Optimal),1.4210854715202004e-14,120,1197
10000091,transient_nonpersistent,Transient non-persistence,92,63.309043154932624,0.11042014539265815,1.0333088342787125,1.8892547584293216,True,scipy.optimize.linprog(method='highs'),0,Optimization terminated successfully. (HiGHS Status 7: Optimal),1.4210854715202004e-14,120,1154
10000092,transient_nonpersistent,Transient non-persistence,93,68.23483093627983,0.04005598821313071,0.9614176800468063,1.7585560174576245,True,scipy.optimize.linprog(method='highs'),0,Optimization terminated successfully. (HiGHS Status 7: Optimal),1.4210854715202004e-14,120,1223
10000093,transient_nonpersistent,Transient non-persistence,94,67.45631330185213,0.04742368970313875,1.0346068862525666,1.831768077240476,True,scipy.optimize.linprog(method='highs'),0,Optimization terminated successfully. (HiGHS Status 7: Optimal),1.4210854715202004e-14,120,1163
10000094,transient_nonpersistent,Transient non-persistence,95,69.08330381466634,0.03206652093672204,0.9716405338007943,1.7591229826840362,True,scipy.optimize.linprog(method='highs'),0,Optimization terminated successfully. (HiGHS Status 7: Optimal),1.4210854715202004e-14,120,1223
10000095,transient_nonpersistent,Transient non-persistence,96,69.5012351888099,0.013810281812277475,1.066305089964233,1.6770631703036658,True,scipy.optimize.linprog(method='highs'),0,Optimization terminated successfully. (HiGHS Status 7: Optimal),1.4210854715202004e-14,120,1192
10000096,transient_nonpersistent,Transient non-persistence,97,62.90056410848457,0.11708762557767241,1.0433907098072168,1.703755853724743,True,scipy.optimize.linprog(method='highs'),0,Optimization terminated successfully. (HiGHS Status 7: Optimal),1.4210854715202004e-14,120,1222
10000097,transient_nonpersistent,Transient non-persistence,98,66.07368147991063,0.06646614458811219,1.0055362619899297,1.6008362199691355,True,scipy.optimize.linprog(method='highs'),0,Optimization terminated successfully. (HiGHS Status 7: Optimal),1.4210854715202004e-14,120,1188
10000098,transient_nonpersistent,Transient non-persistence,99,64.11188398266702,0.0873198407041604,1.0449841880869866,1.9053793277266218,True,scipy.optimize.linprog(method='highs'),0,Optimization terminated successfully. (HiGHS Status 7: Optimal),1.4210854715202004e-14,120,1192
10000099,transient_nonpersistent,Transient non-persistence,100,61.82730699349681,0.1256001454091256,1.0583456559194853,1.7870253685352597,True,scipy.optimize.linprog(method='highs'),0,Optimization terminated successfully. (HiGHS Status 7: Optimal),1.4210854715202004e-14,120,1242
10000100,transient_nonpersistent,Transient non-persistence,101,65.5572472002871,0.07660073013421217,1.0276774279114185,1.9112137418385238,True,scipy.optimize.linprog(method='highs'),0,Optimization terminated successfully. (HiGHS Status 7: Optimal),1.4210854715202004e-14,120,1200
10000101,transient_nonpersistent,Transient non-persistence,102,57.42678729175443,0.19200418369430758,1.046334129162072,1.6378280361467716,True,scipy.optimize.linprog(method='highs'),0,Optimization terminated successfully. (HiGHS Status 7: Optimal),1.4210854715202004e-14,120,1192
10000102,transient_nonpersistent,Transient non-persistence,103,65.79123856744263,0.07945692480328756,1.0011307842150685,1.9832482348886553,True,scipy.optimize.linprog(method='highs'),0,Optimization terminated successfully. (HiGHS Status 7: Optimal),2.842170943040401e-14,120,1176
10000103,transient_nonpersistent,Transient non-persistence,104,67.23818172810641,0.054610824302209066,1.0063804923702386,2.0200264509495938,True,scipy.optimize.linprog(method='highs'),0,Optimization terminated successfully. (HiGHS Status 7: Optimal),1.4210854715202004e-14,120,1242
10000104,transient_nonpersistent,Transient non-persistence,105,65.45399334667657,0.08095497664038762,1.0137517975032095,1.9996846490580946,True,scipy.optimize.linprog(method='highs'),0,Optimization terminated successfully. (HiGHS Status 7: Optimal),1.4210854715202004e-14,120,1183
10000105,transient_nonpersistent,Transient non-persistence,106,62.161522788781916,0.12491911006903159,1.0615946532582121,1.8024047700599883,True,scipy.optimize.linprog(method='highs'),0,Optimization terminated successfully. (HiGHS Status 7: Optimal),1.4210854715202004e-14,120,1213
10000106,transient_nonpersistent,Transient non-persistence,107,61.49877409070109,0.11968498878928338,1.1070411113470964,1.8415687130301954,True,scipy.optimize.linprog(method='highs'),0,Optimization terminated successfully. (HiGHS Status 7: Optimal),1.4210854715202004e-14,120,1152
10000107,transient_nonpersistent,Transient non-persistence,108,58.86264271739125,0.17036972503977474,1.0635133623482302,1.6588665409167151,True,scipy.optimize.linprog(method='highs'),0,Optimization terminated successfully. (HiGHS Status 7: Optimal),1.4210854715202004e-14,120,1199
10000108,transient_nonpersistent,Transient non-persistence,109,69.76040493596214,0.020476646639093495,1.0444465542532302,1.7916131966672166,True,scipy.optimize.linprog(method='highs'),0,Optimization terminated successfully. (HiGHS Status 7: Optimal),1.4210854715202004e-14,120,1248
10000109,transient_nonpersistent,Transient non-persistence,110,62.705654694721645,0.11565549148160359,1.0020285774213449,1.7680545186013044,True,scipy.optimize.linprog(method='highs'),0,Optimization terminated successfully. (HiGHS Status 7: Optimal),1.4210854715202004e-14,120,1159
10000110,transient_nonpersistent,Transient non-persistence,111,68.48658913851662,0.0407797987948018,1.0197330249174534,1.9520703516159907,True,scipy.optimize.linprog(method='highs'),0,Optimization terminated successfully. (HiGHS Status 7: Optimal),1.4210854715202004e-14,120,1238
10000111,transient_nonpersistent,Transient non-persistence,112,60.40256056433539,0.14013758519193453,1.0320472487394485,2.1287695808154705,True,scipy.optimize.linprog(method='highs'),0,Optimization terminated successfully. (HiGHS Status 7: Optimal),1.4210854715202004e-14,120,1181
10000112,transient_nonpersistent,Transient non-persistence,113,60.343144819199374,0.1548695767937946,1.0119714190007438,1.7048354068312765,True,scipy.optimize.linprog(method='highs'),0,Optimization terminated successfully. (HiGHS Status 7: Optimal),1.4210854715202004e-14,120,1223
10000113,transient_nonpersistent,Transient non-persistence,114,58.13059712323953,0.17638241955092318,1.0610684187506987,1.7033852910114968,True,scipy.optimize.linprog(method='highs'),0,Optimization terminated successfully. (HiGHS Status 7: Optimal),1.4210854715202004e-14,120,1189
10000114,transient_nonpersistent,Transient non-persistence,115,57.74278270388351,0.18737219460012114,1.0110984993093777,1.5534388230796714,True,scipy.optimize.linprog(method='highs'),0,Optimization terminated successfully. (HiGHS Status 7: Optimal),1.4210854715202004e-14,120,1216
10000115,transient_nonpersistent,Transient non-persistence,116,62.66684590893067,0.12121907902225974,1.0197837287066476,1.7052193959135817,True,scipy.optimize.linprog(method='highs'),0,Optimization terminated successfully. (HiGHS Status 7: Optimal),1.4210854715202004e-14,120,1255
10000116,transient_nonpersistent,Transient non-persistence,117,67.24166161029343,0.050309979997284995,1.0283913793186648,1.9671628515152115,True,scipy.optimize.linprog(method='highs'),0,Optimization terminated successfully. (HiGHS Status 7: Optimal),1.4210854715202004e-14,120,1258
10000117,transient_nonpersistent,Transient non-persistence,118,66.9926757059342,0.05571486003356185,1.0354562453744092,1.8460168458335036,True,scipy.optimize.linprog(method='highs'),0,Optimization terminated successfully. (HiGHS Status 7: Optimal),1.4210854715202004e-14,120,1263
10000118,transient_nonpersistent,Transient non-persistence,119,72.01902238973703,-0.014516717392836465,1.0702895557321819,2.0020024823768012,True,scipy.optimize.linprog(method='highs'),0,Optimization terminated successfully. (HiGHS Status 7: Optimal),1.4210854715202004e-14,120,1212
10000119,transient_nonpersistent,Transient non-persistence,120,69.70274696841743,0.013883757230548506,0.9803933524445783,1.9241968922180077,True,scipy.optimize.linprog(method='highs'),0,Optimization terminated successfully. (HiGHS Status 7: Optimal),1.4210854715202004e-14,120,1196
10000120,transient_nonpersistent,Transient non-persistence,121,61.361497253097966,0.13323639871971735,1.0342890198424954,1.814504317859997,True,scipy.optimize.linprog(method='highs'),0,Optimization terminated successfully. (HiGHS Status 7: Optimal),1.4210854715202004e-14,120,1165
10000121,transient_nonpersistent,Transient non-persistence,122,63.62181635420438,0.09740219629235393,1.044790708229513,1.594416437493136,True,scipy.optimize.linprog(method='highs'),0,Optimization terminated successfully. (HiGHS Status 7: Optimal),1.4210854715202004e-14,120,1183
10000122,transient_nonpersistent,Transient non-persistence,123,63.36786116875729,0.10240635991546873,1.0821522721500112,1.7106683317601006,True,scipy.optimize.linprog(method='highs'),0,Optimization terminated successfully. (HiGHS Status 7: Optimal),1.4210854715202004e-14,120,1151
10000123,transient_nonpersistent,Transient non-persistence,124,65.61649888282014,0.07776737226849455,1.0557961781440115,1.6613803405895575,True,scipy.optimize.linprog(method='highs'),0,Optimization terminated successfully. (HiGHS Status 7: Optimal),1.4210854715202004e-14,120,1166
10000124,transient_nonpersistent,Transient non-persistence,125,69.42139764235301,0.02239783420186016,1.0361109786040268,1.863230893587448,True,scipy.optimize.linprog(method='highs'),0,Optimization terminated successfully. (HiGHS Status 7: Optimal),1.4210854715202004e-14,120,1178
10000125,transient_nonpersistent,Transient non-persistence,126,66.84058129664972,0.061536340534596376,1.0787724853193554,1.8619819177645822,True,scipy.optimize.linprog(method='highs'),0,Optimization terminated successfully. (HiGHS Status 7: Optimal),1.4210854715202004e-14,120,1209
10000126,transient_nonpersistent,Transient non-persistence,127,63.430224251293374,0.10605188235020142,1.0441682708315645,1.890441511755801,True,scipy.optimize.linprog(method='highs'),0,Optimization terminated successfully. (HiGHS Status 7: Optimal),1.4210854715202004e-14,120,1164
10000127,transient_nonpersistent,Transient non-persistence,128,55.52568023667433,0.2156278666829723,0.9934989398382967,1.6200644246978768,True,scipy.optimize.linprog(method='highs'),0,Optimization terminated successfully. (HiGHS Status 7: Optimal),1.4210854715202004e-14,120,1173
10000128,transient_nonpersistent,Transient non-persistence,129,69.31572177148178,0.023186178050621727,1.0341373895502373,1.656831618112628,True,scipy.optimize.linprog(method='highs'),0,Optimization terminated successfully. (HiGHS Status 7: Optimal),1.4210854715202004e-14,120,1196
10000129,transient_nonpersistent,Transient non-persistence,130,63.69794461784823,0.10138399258795659,1.0543615820115335,1.6523764856809795,True,scipy.optimize.linprog(method='highs'),0,Optimization terminated successfully. (HiGHS Status 7: Optimal),1.4210854715202004e-14,120,1211
10000130,transient_nonpersistent,Transient non-persistence,131,52.4096103086474,0.25439353054724007,1.0264282554916981,1.5129458648451781,True,scipy.optimize.linprog(method='highs'),0,Optimization terminated successfully. (HiGHS Status 7: Optimal),1.4210854715202004e-14,120,1207
10000131,transient_nonpersistent,Transient non-persistence,132,64.83281180224843,0.10039161497382758,0.9796896351653898,1.5895967709147645,True,scipy.optimize.linprog(method='highs'),0,Optimization terminated successfully. (HiGHS Status 7: Optimal),1.4210854715202004e-14,120,1228
10000132,transient_nonpersistent,Transient non-persistence,133,65.10381016356722,0.08311215658024615,1.0257193461030645,1.6669442468962707,True,scipy.optimize.linprog(method='highs'),0,Optimization terminated successfully. (HiGHS Status 7: Optimal),1.4210854715202004e-14,120,1254
10000133,transient_nonpersistent,Transient non-persistence,134,70.46800068337505,0.003357661994595365,1.0010313784093532,1.9525275197914116,True,scipy.optimize.linprog(method='highs'),0,Optimization terminated successfully. (HiGHS Status 7: Optimal),1.4210854715202004e-14,120,1219
10000134,transient_nonpersistent,Transient non-persistence,135,71.14043861591908,-0.011831410748426785,1.1055487119460787,2.053698516498662,True,scipy.optimize.linprog(method='highs'),0,Optimization terminated successfully. (HiGHS Status 7: Optimal),1.4210854715202004e-14,120,1196
10000135,transient_nonpersistent,Transient non-persistence,136,65.91182007907148,0.07230654563561437,0.9712920129696216,1.6651051571726356,True,scipy.optimize.linprog(method='highs'),0,Optimization terminated successfully. (HiGHS Status 7: Optimal),1.4210854715202004e-14,120,1209
10000136,transient_nonpersistent,Transient non-persistence,137,66.02053110615141,0.07120517848640479,1.0367301835690044,1.855748852455895,True,scipy.optimize.linprog(method='highs'),0,Optimization terminated successfully. (HiGHS Status 7: Optimal),1.4210854715202004e-14,120,1212
10000137,transient_nonpersistent,Transient non-persistence,138,59.44556394280204,0.1589588620859957,1.0298392233128764,1.6336300668293875,True,scipy.optimize.linprog(method='highs'),0,Optimization terminated successfully. (HiGHS Status 7: Optimal),1.4210854715202004e-14,120,1196
10000138,transient_nonpersistent,Transient non-persistence,139,67.97673292864853,0.04270972895525638,0.9953399879481413,1.7336785875458558,True,scipy.optimize.linprog(method='highs'),0,Optimization terminated successfully. (HiGHS Status 7: Optimal),1.4210854715202004e-14,120,1214
10000139,transient_nonpersistent,Transient non-persistence,140,61.307166244277504,0.1268259033114498,1.0419573572050305,1.9814022938472862,True,scipy.optimize.linprog(method='highs'),0,Optimization terminated successfully. (HiGHS Status 7: Optimal),1.4210854715202004e-14,120,1249
10000140,transient_nonpersistent,Transient non-persistence,141,60.189483005172455,0.152259781467706,0.9980633090260351,1.773391377039342,True,scipy.optimize.linprog(method='highs'),0,Optimization terminated successfully. (HiGHS Status 7: Optimal),1.4210854715202004e-14,120,1220
10000141,transient_nonpersistent,Transient non-persistence,142,67.17773637808479,0.0476525209267879,1.0066532869711247,1.8891169854209335,True,scipy.optimize.linprog(method='highs'),0,Optimization terminated successfully. (HiGHS Status 7: Optimal),1.4210854715202004e-14,120,1218
10000142,transient_nonpersistent,Transient non-persistence,143,63.285418686494715,0.10598856778238308,1.0592342543765534,2.06621755960121,True,scipy.optimize.linprog(method='highs'),0,Optimization terminated successfully. (HiGHS Status 7: Optimal),1.4210854715202004e-14,120,1228
10000143,transient_nonpersistent,Transient non-persistence,144,59.8200005284055,0.15212455692942228,1.0514257921106334,1.635997384441649,True,scipy.optimize.linprog(method='highs'),0,Optimization terminated successfully. (HiGHS Status 7: Optimal),1.4210854715202004e-14,120,1187
10000144,transient_nonpersistent,Transient non-persistence,145,57.058370356945616,0.19157448330257337,1.0121690410706452,1.940438883466482,True,scipy.optimize.linprog(method='highs'),0,Optimization terminated successfully. (HiGHS Status 7: Optimal),1.4210854715202004e-14,120,1200
10000145,transient_nonpersistent,Transient non-persistence,146,64.63378522147879,0.08827661301716298,1.0465994143130402,1.8336491808377082,True,scipy.optimize.linprog(method='highs'),0,Optimization terminated successfully. (HiGHS Status 7: Optimal),1.4210854715202004e-14,120,1164
10000146,transient_nonpersistent,Transient non-persistence,147,60.06206568604457,0.15110373377722833,1.0528491361768988,1.8536961196277373,True,scipy.optimize.linprog(method='highs'),0,Optimization terminated successfully. (HiGHS Status 7: Optimal),1.4210854715202004e-14,120,1222
10000147,transient_nonpersistent,Transient non-persistence,148,56.96353226227223,0.19769582927175136,0.991521888518998,1.6914310178471608,True,scipy.optimize.linprog(method='highs'),0,Optimization terminated successfully. (HiGHS Status 7: Optimal),1.4210854715202004e-14,120,1187
10000148,transient_nonpersistent,Transient non-persistence,149,61.72642073676595,0.1271091899723176,1.022841141886979,2.006435604151389,True,scipy.optimize.linprog(method='highs'),0,Optimization terminated successfully. (HiGHS Status 7: Optimal),1.4210854715202004e-14,120,1207
10000149,transient_nonpersistent,Transient non-persistence,150,64.6757446602766,0.08790098743480028,0.9637977419810143,1.9826317085282834,True,scipy.optimize.linprog(method='highs'),0,Optimization terminated successfully. (HiGHS Status 7: Optimal),1.4210854715202004e-14,120,1215
10000150,transient_nonpersistent,Transient non-persistence,151,67.12161272322571,0.057388323461427894,0.9988692284190661,1.8205107659325914,True,scipy.optimize.linprog(method='highs'),0,Optimization terminated successfully. (HiGHS Status 7: Optimal),1.4210854715202004e-14,120,1234
10000151,transient_nonpersistent,Transient non-persistence,152,67.38451512699416,0.054379473016774794,0.9907705744942907,1.8861775399700451,True,scipy.optimize.linprog(method='highs'),0,Optimization terminated successfully. (HiGHS Status 7: Optimal),1.4210854715202004e-14,120,1213
10000152,transient_nonpersistent,Transient non-persistence,153,56.44965416094226,0.20216635003208422,1.0301750265917375,1.6539130448225563,True,scipy.optimize.linprog(method='highs'),0,Optimization terminated successfully. (HiGHS Status 7: Optimal),1.4210854715202004e-14,120,1203
10000153,transient_nonpersistent,Transient non-persistence,154,68.35086838810265,0.032290530098095065,1.055915748696699,1.9265746555696786,True,scipy.optimize.linprog(method='highs'),0,Optimization terminated successfully. (HiGHS Status 7: Optimal),1.4210854715202004e-14,120,1217
10000154,transient_nonpersistent,Transient non-persistence,155,65.20088350779436,0.07742894944175974,0.9904349096311073,1.757567391498649,True,scipy.optimize.linprog(method='highs'),0,Optimization terminated successfully. (HiGHS Status 7: Optimal),1.4210854715202004e-14,120,1219
10000155,transient_nonpersistent,Transient non-persistence,156,58.61679800340946,0.1668332537594551,1.042166603965346,1.6630587225029505,True,scipy.optimize.linprog(method='highs'),0,Optimization terminated successfully. (HiGHS Status 7: Optimal),1.4210854715202004e-14,120,1207
10000156,transient_nonpersistent,Transient non-persistence,157,58.29800122920925,0.18014923689211346,1.063748678225842,1.5639306034329739,True,scipy.optimize.linprog(method='highs'),0,Optimization terminated successfully. (HiGHS Status 7: Optimal),1.4210854715202004e-14,120,1195
10000157,transient_nonpersistent,Transient non-persistence,158,68.7678325090356,0.03667797691485622,1.007215214490682,2.0291636106259356,True,scipy.optimize.linprog(method='highs'),0,Optimization terminated successfully. (HiGHS Status 7: Optimal),1.4210854715202004e-14,120,1232
10000158,transient_nonpersistent,Transient non-persistence,159,61.98987320372918,0.12327866916862112,1.0102466837350834,1.6689998347347403,True,scipy.optimize.linprog(method='highs'),0,Optimization terminated successfully. (HiGHS Status 7: Optimal),1.4210854715202004e-14,120,1135
10000159,transient_nonpersistent,Transient non-persistence,160,59.823809437759806,0.150987757295033,1.0152561328322587,1.8670069942314633,True,scipy.optimize.linprog(method='highs'),0,Optimization terminated successfully. (HiGHS Status 7: Optimal),1.4210854715202004e-14,120,1207
10000160,transient_nonpersistent,Transient non-persistence,161,61.960733366948126,0.12889621704267948,1.004196999213421,1.6223561517207963,True,scipy.optimize.linprog(method='highs'),0,Optimization terminated successfully. (HiGHS Status 7: Optimal),1.4210854715202004e-14,120,1187
10000161,transient_nonpersistent,Transient non-persistence,162,66.62503723021088,0.06832742408463906,0.9673137902023695,1.8188003847567717,True,scipy.optimize.linprog(method='highs'),0,Optimization terminated successfully. (HiGHS Status 7: Optimal),1.4210854715202004e-14,120,1207
10000162,transient_nonpersistent,Transient non-persistence,163,69.82747278146765,0.015585455778152657,1.0493271600007277,1.8804387440869368,True,scipy.optimize.linprog(method='highs'),0,Optimization terminated successfully. (HiGHS Status 7: Optimal),1.4210854715202004e-14,120,1218
10000163,transient_nonpersistent,Transient non-persistence,164,67.14633343057052,0.0545017193065193,1.026955264999137,1.6821240496608103,True,scipy.optimize.linprog(method='highs'),0,Optimization terminated successfully. (HiGHS Status 7: Optimal),1.4210854715202004e-14,120,1208
10000164,transient_nonpersistent,Transient non-persistence,165,68.73768082257162,0.026334472618984212,1.035911672422242,2.0173164452544468,True,scipy.optimize.linprog(method='highs'),0,Optimization terminated successfully. (HiGHS Status 7: Optimal),1.4210854715202004e-14,120,1200
10000165,transient_nonpersistent,Transient non-persistence,166,67.13604604067616,0.06186069099515581,0.9483128745828611,1.9346716018957253,True,scipy.optimize.linprog(method='highs'),0,Optimization terminated successfully. (HiGHS Status 7: Optimal),1.4210854715202004e-14,120,1196
10000166,transient_nonpersistent,Transient non-persistence,167,71.68405629935286,-0.01167806136365884,1.0182407089954049,2.0071327909354992,True,scipy.optimize.linprog(method='highs'),0,Optimization terminated successfully. (HiGHS Status 7: Optimal),1.4210854715202004e-14,120,1190
10000167,transient_nonpersistent,Transient non-persistence,168,62.602391289131035,0.11061081341535246,1.0003155947602782,1.898047051044225,True,scipy.optimize.linprog(method='highs'),0,Optimization terminated successfully. (HiGHS Status 7: Optimal),1.4210854715202004e-14,120,1175
10000168,transient_nonpersistent,Transient non-persistence,169,65.05909126736164,0.08071514776959009,1.0234632456264465,1.6610683497809766,True,scipy.optimize.linprog(method='highs'),0,Optimization terminated successfully. (HiGHS Status 7: Optimal),1.4210854715202004e-14,120,1193
10000169,transient_nonpersistent,Transient non-persistence,170,63.677720345206936,0.10949632851420507,0.9913064274787046,1.4605895365191748,True,scipy.optimize.linprog(method='highs'),0,Optimization terminated successfully. (HiGHS Status 7: Optimal),1.4210854715202004e-14,120,1198
10000170,transient_nonpersistent,Transient non-persistence,171,57.160956628167746,0.18800293416532324,1.0814094881607368,1.617317719434928,True,scipy.optimize.linprog(method='highs'),0,Optimization terminated successfully. (HiGHS Status 7: Optimal),4.263256414560601e-14,120,1181
10000171,transient_nonpersistent,Transient non-persistence,172,63.986133521668364,0.08874572462119854,1.0352147534398177,1.9245441769394764,True,scipy.optimize.linprog(method='highs'),0,Optimization terminated successfully. (HiGHS Status 7: Optimal),1.4210854715202004e-14,120,1220
10000172,transient_nonpersistent,Transient non-persistence,173,68.96041624119172,0.03129009755833037,1.0552597194935132,1.9187197249204166,True,scipy.optimize.linprog(method='highs'),0,Optimization terminated successfully. (HiGHS Status 7: Optimal),1.4210854715202004e-14,120,1227
10000173,transient_nonpersistent,Transient non-persistence,174,71.78736853417867,-0.0239615631472682,1.0432853937909594,2.0188414532303125,True,scipy.optimize.linprog(method='highs'),0,Optimization terminated successfully. (HiGHS Status 7: Optimal),1.4210854715202004e-14,120,1155
10000174,transient_nonpersistent,Transient non-persistence,175,72.93854786345517,-0.03477650106388755,1.0720999104032976,2.23472043274039,True,scipy.optimize.linprog(method='highs'),0,Optimization terminated successfully. (HiGHS Status 7: Optimal),1.4210854715202004e-14,120,1220
10000175,transient_nonpersistent,Transient non-persistence,176,61.50523823752218,0.13856308171222137,1.0427475373608408,1.6703144362253806,True,scipy.optimize.linprog(method='highs'),0,Optimization terminated successfully. (HiGHS Status 7: Optimal),1.4210854715202004e-14,120,1228
10000176,transient_nonpersistent,Transient non-persistence,177,59.845701699304115,0.1632377225809378,1.0224291160321042,1.863425384690239,True,scipy.optimize.linprog(method='highs'),0,Optimization terminated successfully. (HiGHS Status 7: Optimal),1.4210854715202004e-14,120,1176
10000177,transient_nonpersistent,Transient non-persistence,178,63.66722803086664,0.10624842956788703,0.9886778991121816,1.874867707540851,True,scipy.optimize.linprog(method='highs'),0,Optimization terminated successfully. (HiGHS Status 7: Optimal),1.4210854715202004e-14,120,1229
10000178,transient_nonpersistent,Transient non-persistence,179,66.25700413410355,0.06532722352666195,1.055342633798518,1.910516557305671,True,scipy.optimize.linprog(method='highs'),0,Optimization terminated successfully. (HiGHS Status 7: Optimal),1.4210854715202004e-14,120,1177
10000179,transient_nonpersistent,Transient non-persistence,180,64.2307860508705,0.09691055322018821,0.9966287613012386,1.83316349595653,True,scipy.optimize.linprog(method='highs'),0,Optimization terminated successfully. (HiGHS Status 7: Optimal),1.4210854715202004e-14,120,1155
10000180,transient_nonpersistent,Transient non-persistence,181,63.90637168843515,0.10090617575150888,1.0244253043663052,1.8783036314046835,True,scipy.optimize.linprog(method='highs'),0,Optimization terminated successfully. (HiGHS Status 7: Optimal),1.4210854715202004e-14,120,1195
10000181,transient_nonpersistent,Transient non-persistence,182,62.023410254117174,0.11726839867417296,1.0405164723459959,2.067897637977776,True,scipy.optimize.linprog(method='highs'),0,Optimization terminated successfully. (HiGHS Status 7: Optimal),1.4210854715202004e-14,120,1211
10000182,transient_nonpersistent,Transient non-persistence,183,64.74715154724879,0.09371297966505515,1.0180297306558843,1.8658435264962847,True,scipy.optimize.linprog(method='highs'),0,Optimization terminated successfully. (HiGHS Status 7: Optimal),1.4210854715202004e-14,120,1211
10000183,transient_nonpersistent,Transient non-persistence,184,71.16413357093722,-0.002276950222858819,1.0543275969229897,1.8982309165429032,True,scipy.optimize.linprog(method='highs'),0,Optimization terminated successfully. (HiGHS Status 7: Optimal),1.4210854715202004e-14,120,1190
10000184,transient_nonpersistent,Transient non-persistence,185,63.478773419134555,0.10702542943883048,1.0030569128039428,1.6946864243555049,True,scipy.optimize.linprog(method='highs'),0,Optimization terminated successfully. (HiGHS Status 7: Optimal),1.4210854715202004e-14,120,1143
10000185,transient_nonpersistent,Transient non-persistence,186,59.33808512533105,0.16149514557558295,1.023718561568724,1.5643526040655344,True,scipy.optimize.linprog(method='highs'),0,Optimization terminated successfully. (HiGHS Status 7: Optimal),1.4210854715202004e-14,120,1251
10000186,transient_nonpersistent,Transient non-persistence,187,63.48537806565808,0.10237219505817666,1.045236813037194,1.7261949440120383,True,scipy.optimize.linprog(method='highs'),0,Optimization terminated successfully. (HiGHS Status 7: Optimal),1.4210854715202004e-14,120,1190
10000187,transient_nonpersistent,Transient non-persistence,188,61.65988206003003,0.12629852012657433,0.9958278723472042,1.813557845769216,True,scipy.optimize.linprog(method='highs'),0,Optimization terminated successfully. (HiGHS Status 7: Optimal),1.4210854715202004e-14,120,1131
10000188,transient_nonpersistent,Transient non-persistence,189,63.87121277109224,0.09737041334712983,1.0934417639692875,1.4937328726360988,True,scipy.optimize.linprog(method='highs'),0,Optimization terminated successfully. (HiGHS Status 7: Optimal),1.4210854715202004e-14,120,1209
10000189,transient_nonpersistent,Transient non-persistence,190,67.35814958056157,0.05567921260694837,0.9848445152314979,1.9935995463029383,True,scipy.optimize.linprog(method='highs'),0,Optimization terminated successfully. (HiGHS Status 7: Optimal),1.4210854715202004e-14,120,1171
10000190,transient_nonpersistent,Transient non-persistence,191,73.65181526549495,-0.04334976200801225,1.0644430408231942,1.9822331290188138,True,scipy.optimize.linprog(method='highs'),0,Optimization terminated successfully. (HiGHS Status 7: Optimal),1.4210854715202004e-14,120,1154
10000191,transient_nonpersistent,Transient non-persistence,192,64.4182270658017,0.08598811684297644,1.091410279077237,1.9327466222077951,True,scipy.optimize.linprog(method='highs'),0,Optimization terminated successfully. (HiGHS Status 7: Optimal),1.4210854715202004e-14,120,1182
10000192,transient_nonpersistent,Transient non-persistence,193,66.06282839201643,0.06114671670330348,1.064919390527269,1.7499341668701933,True,scipy.optimize.linprog(method='highs'),0,Optimization terminated successfully. (HiGHS Status 7: Optimal),1.4210854715202004e-14,120,1192
10000193,transient_nonpersistent,Transient non-persistence,194,62.33029673631564,0.12617499791267422,0.993096277563723,1.798373100570716,True,scipy.optimize.linprog(method='highs'),0,Optimization terminated successfully. (HiGHS Status 7: Optimal),1.4210854715202004e-14,120,1203
10000194,transient_nonpersistent,Transient non-persistence,195,66.0484491358162,0.06565701116247442,1.0493503892299045,2.0344892277193614,True,scipy.optimize.linprog(method='highs'),0,Optimization terminated successfully. (HiGHS Status 7: Optimal),1.4210854715202004e-14,120,1219
10000195,transient_nonpersistent,Transient non-persistence,196,65.59400175573808,0.07393649611617752,1.0012816467496806,1.8104369624603658,True,scipy.optimize.linprog(method='highs'),0,Optimization terminated successfully. (HiGHS Status 7: Optimal),1.4210854715202004e-14,120,1212
10000196,transient_nonpersistent,Transient non-persistence,197,66.96158707052662,0.06454162069296522,0.9878939812454829,1.6962474351433285,True,scipy.optimize.linprog(method='highs'),0,Optimization terminated successfully. (HiGHS Status 7: Optimal),1.4210854715202004e-14,120,1206
10000197,transient_nonpersistent,Transient non-persistence,198,66.31799273491461,0.0732986248392641,0.9957014744420992,1.5958590788459752,True,scipy.optimize.linprog(method='highs'),0,Optimization terminated successfully. (HiGHS Status 7: Optimal),1.4210854715202004e-14,120,1166
10000198,transient_nonpersistent,Transient non-persistence,199,66.54581837511597,0.06065726036109082,1.0590829778796669,2.029471641131105,True,scipy.optimize.linprog(method='highs'),0,Optimization terminated successfully. (HiGHS Status 7: Optimal),1.4210854715202004e-14,120,1212
10000199,transient_nonpersistent,Transient non-persistence,200,62.435344523310974,0.10633770071486905,1.0702686825866305,1.7054241900562819,True,scipy.optimize.linprog(method='highs'),0,Optimization terminated successfully. (HiGHS Status 7: Optimal),1.4210854715202004e-14,120,1206
